id,creation_time,property1,property2,property3,property4,property5,failed,failed_reason,time_of_death,details,type,origin_id,destination_id,network_id
1,2022-12-06 02:07:53.321129,,,,,,f,,,{},vector,1,2,2
2,2022-12-06 02:07:53.375389,,,,,,f,,,{},vector,3,4,3
3,2022-12-06 02:07:53.425192,,,,,,f,,,{},vector,5,6,4
4,2022-12-06 02:07:53.469815,,,,,,f,,,{},vector,7,8,5
5,2022-12-06 02:07:53.516415,,,,,,f,,,{},vector,9,10,6
6,2022-12-06 02:07:53.559858,,,,,,f,,,{},vector,11,12,7
7,2022-12-06 02:07:53.609847,,,,,,f,,,{},vector,13,14,8
8,2022-12-06 02:07:53.654248,,,,,,f,,,{},vector,15,16,9
9,2022-12-06 02:07:53.698308,,,,,,f,,,{},vector,17,18,10
10,2022-12-06 02:07:53.740284,,,,,,f,,,{},vector,19,20,11
11,2022-12-06 02:07:53.787166,,,,,,f,,,{},vector,21,22,12
12,2022-12-06 02:07:53.829629,,,,,,f,,,{},vector,23,24,13
13,2022-12-06 02:07:53.872859,,,,,,f,,,{},vector,25,26,14
14,2022-12-06 02:07:53.916897,,,,,,f,,,{},vector,27,28,15
15,2022-12-06 02:07:53.959839,,,,,,f,,,{},vector,29,30,16
16,2022-12-06 02:07:54.002451,,,,,,f,,,{},vector,31,32,17
17,2022-12-06 02:07:54.045662,,,,,,f,,,{},vector,33,34,18
18,2022-12-06 02:07:54.089137,,,,,,f,,,{},vector,35,36,19
19,2022-12-06 02:07:54.138137,,,,,,f,,,{},vector,37,38,20
20,2022-12-06 02:07:54.191598,,,,,,f,,,{},vector,39,40,21
21,2022-12-06 02:07:54.238214,,,,,,f,,,{},vector,42,44,22
22,2022-12-06 02:07:54.28102,,,,,,f,,,{},vector,45,46,23
23,2022-12-06 02:07:54.299953,,,,,,f,,,{},vector,41,43,1
24,2022-12-06 02:07:54.311253,,,,,,f,,,{},vector,43,48,1
25,2022-12-06 02:07:54.321843,,,,,,f,,,{},vector,41,49,1
26,2022-12-06 02:07:54.323995,,,,,,f,,,{},vector,47,50,24
27,2022-12-06 02:07:54.331898,,,,,,f,,,{},vector,49,51,1
28,2022-12-06 02:07:54.343144,,,,,,f,,,{},vector,41,52,1
29,2022-12-06 02:07:54.35264,,,,,,f,,,{},vector,52,54,1
30,2022-12-06 02:07:54.363833,,,,,,f,,,{},vector,41,55,1
31,2022-12-06 02:07:54.366473,,,,,,f,,,{},vector,53,56,25
32,2022-12-06 02:07:54.373436,,,,,,f,,,{},vector,55,57,1
33,2022-12-06 02:07:54.384465,,,,,,f,,,{},vector,41,58,1
34,2022-12-06 02:07:54.396854,,,,,,f,,,{},vector,58,60,1
35,2022-12-06 02:07:54.408485,,,,,,f,,,{},vector,41,61,1
36,2022-12-06 02:07:54.41161,,,,,,f,,,{},vector,59,62,26
37,2022-12-06 02:07:54.418623,,,,,,f,,,{},vector,61,63,1
38,2022-12-06 02:07:54.457866,,,,,,f,,,{},vector,64,65,27
39,2022-12-06 02:07:54.503068,,,,,,f,,,{},vector,66,67,28
40,2022-12-06 02:07:54.546075,,,,,,f,,,{},vector,68,69,29
41,2022-12-06 02:07:54.591021,,,,,,f,,,{},vector,70,71,30
42,2022-12-06 02:07:54.635822,,,,,,f,,,{},vector,72,73,31
43,2022-12-06 02:07:54.678042,,,,,,f,,,{},vector,74,75,32
44,2022-12-06 02:07:54.720892,,,,,,f,,,{},vector,76,77,33
45,2022-12-06 02:07:54.763182,,,,,,f,,,{},vector,78,79,34
46,2022-12-06 02:07:54.805415,,,,,,f,,,{},vector,80,81,35
47,2022-12-06 02:07:54.849848,,,,,,f,,,{},vector,82,83,36
48,2022-12-06 02:07:54.892171,,,,,,f,,,{},vector,84,85,37
49,2022-12-06 02:07:54.933839,,,,,,f,,,{},vector,86,87,38
50,2022-12-06 02:07:54.977196,,,,,,f,,,{},vector,88,89,39
51,2022-12-06 02:07:55.019081,,,,,,f,,,{},vector,90,91,40
52,2022-12-06 02:07:55.062163,,,,,,f,,,{},vector,92,93,41
53,2022-12-06 02:07:55.104907,,,,,,f,,,{},vector,94,95,42
54,2022-12-06 02:07:55.147593,,,,,,f,,,{},vector,96,97,43
55,2022-12-06 02:07:55.190705,,,,,,f,,,{},vector,98,99,44
56,2022-12-06 02:07:55.233787,,,,,,f,,,{},vector,100,101,45
57,2022-12-06 02:07:55.276806,,,,,,f,,,{},vector,102,103,46
58,2022-12-06 02:07:55.318581,,,,,,f,,,{},vector,104,105,47
59,2022-12-06 02:07:55.360757,,,,,,f,,,{},vector,106,107,48
60,2022-12-06 02:07:55.402877,,,,,,f,,,{},vector,108,109,49
61,2022-12-06 02:07:55.445169,,,,,,f,,,{},vector,110,111,50
62,2022-12-06 02:15:28.106519,,,,,,f,,,{},vector,22,112,12
63,2022-12-06 02:15:34.969531,,,,,,f,,,{},vector,99,113,44
64,2022-12-06 02:15:36.763551,,,,,,f,,,{},vector,85,114,37
65,2022-12-06 02:15:38.477509,,,,,,f,,,{},vector,24,115,13
66,2022-12-06 02:15:41.394366,,,,,,f,,,{},vector,93,116,41
67,2022-12-06 02:15:48.455379,,,,,,f,,,{},vector,50,117,24
68,2022-12-06 02:15:48.867881,,,,,,f,,,{},vector,16,118,9
69,2022-12-06 02:15:53.379453,,,,,,f,,,{},vector,26,119,14
70,2022-12-06 02:15:58.885717,,,,,,f,,,{},vector,91,120,40
71,2022-12-06 02:16:05.131129,,,,,,f,,,{},vector,38,121,20
72,2022-12-06 02:16:06.019068,,,,,,f,,,{},vector,101,122,45
73,2022-12-06 02:16:06.610667,,,,,,f,,,{},vector,65,123,27
74,2022-12-06 02:16:14.547756,,,,,,f,,,{},vector,62,124,26
75,2022-12-06 02:16:14.934948,,,,,,f,,,{},vector,34,125,18
76,2022-12-06 02:16:17.199871,,,,,,f,,,{},vector,4,126,3
77,2022-12-06 02:16:30.576076,,,,,,f,,,{},vector,12,127,7
78,2022-12-06 02:16:36.24519,,,,,,f,,,{},vector,10,128,6
79,2022-12-06 02:16:38.54364,,,,,,f,,,{},vector,46,129,23
80,2022-12-06 02:16:39.013206,,,,,,f,,,{},vector,73,130,31
81,2022-12-06 02:16:39.343103,,,,,,f,,,{},vector,109,131,49
82,2022-12-06 02:16:44.439237,,,,,,f,,,{},vector,14,132,8
83,2022-12-06 02:16:46.08033,,,,,,f,,,{},vector,30,133,16
84,2022-12-06 02:16:49.550297,,,,,,f,,,{},vector,87,134,38
85,2022-12-06 02:16:54.449458,,,,,,f,,,{},vector,20,135,11
86,2022-12-06 02:16:56.137064,,,,,,f,,,{},vector,95,136,42
87,2022-12-06 02:16:56.613042,,,,,,f,,,{},vector,69,137,29
88,2022-12-06 02:17:05.434364,,,,,,f,,,{},vector,67,138,28
89,2022-12-06 02:17:06.058879,,,,,,f,,,{},vector,107,139,48
90,2022-12-06 02:17:06.473152,,,,,,f,,,{},vector,71,140,30
91,2022-12-06 02:17:13.498305,,,,,,f,,,{},vector,8,141,5
92,2022-12-06 02:17:17.770392,,,,,,f,,,{},vector,2,142,2
93,2022-12-06 02:17:21.121781,,,,,,f,,,{},vector,56,143,25
94,2022-12-06 02:17:25.93789,,,,,,f,,,{},vector,6,144,4
95,2022-12-06 02:17:28.775379,,,,,,f,,,{},vector,32,145,17
96,2022-12-06 02:17:36.821851,,,,,,f,,,{},vector,36,146,19
97,2022-12-06 02:17:41.006841,,,,,,f,,,{},vector,79,147,34
98,2022-12-06 02:17:46.640813,,,,,,f,,,{},vector,77,148,33
100,2022-12-06 02:17:58.315112,,,,,,f,,,{},vector,111,150,50
106,2022-12-06 02:18:17.958344,,,,,,f,,,{},vector,97,156,43
117,2022-12-06 02:19:03.206379,,,,,,f,,,{},vector,144,167,4
99,2022-12-06 02:17:53.712656,,,,,,f,,,{},vector,28,149,15
101,2022-12-06 02:17:59.458794,,,,,,f,,,{},vector,103,151,46
111,2022-12-06 02:18:41.799762,,,,,,f,,,{},vector,143,161,25
120,2022-12-06 02:19:15.478963,,,,,,f,,,{},vector,135,170,11
102,2022-12-06 02:18:01.689754,,,,,,f,,,{},vector,105,152,47
116,2022-12-06 02:18:58.363341,,,,,,f,,,{},vector,121,166,20
103,2022-12-06 02:18:05.580761,,,,,,f,,,{},vector,18,153,10
112,2022-12-06 02:18:42.551325,,,,,,f,,,{},vector,40,162,21
104,2022-12-06 02:18:07.238965,,,,,,f,,,{},vector,83,154,36
115,2022-12-06 02:18:53.546283,,,,,,f,,,{},vector,112,165,12
119,2022-12-06 02:19:04.234293,,,,,,f,,,{},vector,149,169,15
105,2022-12-06 02:18:17.674257,,,,,,f,,,{},vector,75,155,32
107,2022-12-06 02:18:22.150894,,,,,,f,,,{},vector,81,157,35
114,2022-12-06 02:18:48.376686,,,,,,f,,,{},vector,119,164,14
108,2022-12-06 02:18:26.971308,,,,,,f,,,{},vector,89,158,39
113,2022-12-06 02:18:43.588659,,,,,,f,,,{},vector,115,163,13
109,2022-12-06 02:18:29.337751,,,,,,f,,,{},vector,151,159,46
110,2022-12-06 02:18:35.475054,,,,,,f,,,{},vector,44,160,22
118,2022-12-06 02:19:03.965842,,,,,,f,,,{},vector,126,168,3
121,2022-12-06 02:19:27.075515,,,,,,f,,,{},vector,124,171,26
122,2022-12-06 02:19:31.075136,,,,,,f,,,{},vector,152,172,47
123,2022-12-06 02:19:38.276816,,,,,,f,,,{},vector,155,173,32
124,2022-12-06 02:19:48.466664,,,,,,f,,,{},vector,129,174,23
125,2022-12-06 02:19:51.791685,,,,,,f,,,{},vector,113,175,44
126,2022-12-06 02:19:53.242358,,,,,,f,,,{},vector,137,176,29
127,2022-12-06 02:20:01.384854,,,,,,f,,,{},vector,132,177,8
128,2022-12-06 02:20:13.038443,,,,,,f,,,{},vector,147,178,34
129,2022-12-06 02:20:17.114051,,,,,,f,,,{},vector,162,179,21
130,2022-12-06 02:20:23.277963,,,,,,f,,,{},vector,139,180,48
131,2022-12-06 02:20:23.647587,,,,,,f,,,{},vector,154,181,36
132,2022-12-06 02:20:35.932029,,,,,,f,,,{},vector,158,182,39
133,2022-12-06 02:20:38.825785,,,,,,f,,,{},vector,142,183,2
134,2022-12-06 02:20:39.962792,,,,,,f,,,{},vector,122,184,45
135,2022-12-06 02:20:40.801758,,,,,,f,,,{},vector,133,185,16
136,2022-12-06 02:20:51.245001,,,,,,f,,,{},vector,127,186,7
137,2022-12-06 02:20:53.551917,,,,,,f,,,{},vector,125,187,18
138,2022-12-06 02:20:58.177927,,,,,,f,,,{},vector,128,188,6
139,2022-12-06 02:21:04.134162,,,,,,f,,,{},vector,123,189,27
140,2022-12-06 02:21:14.508398,,,,,,f,,,{},vector,120,190,40
141,2022-12-06 02:21:15.26592,,,,,,f,,,{},vector,116,191,41
142,2022-12-06 02:21:24.84265,,,,,,f,,,{},vector,130,192,31
143,2022-12-06 02:21:26.544117,,,,,,f,,,{},vector,118,193,9
144,2022-12-06 02:21:31.070566,,,,,,f,,,{},vector,117,194,24
145,2022-12-06 02:21:39.967643,,,,,,f,,,{},vector,140,195,30
146,2022-12-06 02:21:41.125432,,,,,,f,,,{},vector,145,196,17
147,2022-12-06 02:21:47.980618,,,,,,f,,,{},vector,160,197,22
148,2022-12-06 02:21:52.183002,,,,,,f,,,{},vector,134,198,38
149,2022-12-06 02:21:56.290079,,,,,,f,,,{},vector,138,199,28
150,2022-12-06 02:22:05.761011,,,,,,f,,,{},vector,156,200,43
151,2022-12-06 02:22:05.885281,,,,,,f,,,{},vector,153,201,10
152,2022-12-06 02:22:08.734682,,,,,,f,,,{},vector,150,202,50
153,2022-12-06 02:22:16.773651,,,,,,f,,,{},vector,141,203,5
154,2022-12-06 02:22:18.546336,,,,,,f,,,{},vector,131,204,49
155,2022-12-06 02:22:19.626333,,,,,,f,,,{},vector,157,205,35
156,2022-12-06 02:22:29.803791,,,,,,f,,,{},vector,146,206,19
157,2022-12-06 02:22:30.885878,,,,,,f,,,{},vector,148,207,33
158,2022-12-06 02:22:31.053093,,,,,,f,,,{},vector,114,208,37
159,2022-12-06 02:22:44.953623,,,,,,f,,,{},vector,203,209,5
160,2022-12-06 02:22:47.69958,,,,,,f,,,{},vector,136,210,42
161,2022-12-06 02:22:51.268302,,,,,,f,,,{},vector,170,211,11
162,2022-12-06 02:22:57.726448,,,,,,f,,,{},vector,182,212,39
163,2022-12-06 02:23:15.123084,,,,,,f,,,{},vector,171,213,26
164,2022-12-06 02:23:19.476515,,,,,,f,,,{},vector,169,214,15
165,2022-12-06 02:23:27.610243,,,,,,f,,,{},vector,205,215,35
166,2022-12-06 02:23:31.750933,,,,,,f,,,{},vector,198,216,38
167,2022-12-06 02:23:42.745154,,,,,,f,,,{},vector,193,217,9
168,2022-12-06 02:23:50.537242,,,,,,f,,,{},vector,191,218,41
169,2022-12-06 02:23:53.256763,,,,,,f,,,{},vector,195,219,30
170,2022-12-06 02:23:54.41782,,,,,,f,,,{},vector,189,220,27
171,2022-12-06 02:24:17.087428,,,,,,f,,,{},vector,159,221,46
172,2022-12-06 02:24:19.056402,,,,,,f,,,{},vector,178,222,34
173,2022-12-06 02:24:26.735094,,,,,,f,,,{},vector,181,223,36
174,2022-12-06 02:24:33.118296,,,,,,f,,,{},vector,194,224,24
175,2022-12-06 02:24:34.822357,,,,,,f,,,{},vector,173,225,32
176,2022-12-06 02:24:39.392171,,,,,,f,,,{},vector,201,226,10
177,2022-12-06 02:24:44.763584,,,,,,f,,,{},vector,174,227,23
178,2022-12-06 02:24:58.144904,,,,,,f,,,{},vector,202,228,50
179,2022-12-06 02:24:58.304442,,,,,,f,,,{},vector,177,229,8
180,2022-12-06 02:25:00.595637,,,,,,f,,,{},vector,186,230,7
181,2022-12-06 02:25:05.404666,,,,,,f,,,{},vector,164,231,14
182,2022-12-06 02:25:16.693008,,,,,,f,,,{},vector,168,232,3
183,2022-12-06 02:25:17.289032,,,,,,f,,,{},vector,180,233,48
184,2022-12-06 02:25:20.725035,,,,,,f,,,{},vector,208,234,37
185,2022-12-06 02:25:20.926311,,,,,,f,,,{},vector,163,235,13
186,2022-12-06 02:25:22.721022,,,,,,f,,,{},vector,166,236,20
187,2022-12-06 02:25:31.212443,,,,,,f,,,{},vector,185,237,16
188,2022-12-06 02:25:38.45421,,,,,,f,,,{},vector,192,238,31
189,2022-12-06 02:25:38.672962,,,,,,f,,,{},vector,204,239,49
190,2022-12-06 02:25:38.793454,,,,,,f,,,{},vector,165,240,12
191,2022-12-06 02:25:42.198155,,,,,,f,,,{},vector,210,241,42
192,2022-12-06 02:25:53.023145,,,,,,f,,,{},vector,188,242,6
193,2022-12-06 02:25:54.200513,,,,,,f,,,{},vector,167,243,4
194,2022-12-06 02:25:55.907111,,,,,,f,,,{},vector,172,244,47
195,2022-12-06 02:25:57.468262,,,,,,f,,,{},vector,184,245,45
196,2022-12-06 02:26:02.556359,,,,,,f,,,{},vector,183,246,2
197,2022-12-06 02:26:05.028607,,,,,,f,,,{},vector,199,247,28
198,2022-12-06 02:26:17.965006,,,,,,f,,,{},vector,196,248,17
199,2022-12-06 02:26:20.748746,,,,,,f,,,{},vector,179,249,21
200,2022-12-06 02:26:26.352432,,,,,,f,,,{},vector,207,250,33
201,2022-12-06 02:26:35.490754,,,,,,f,,,{},vector,206,251,19
202,2022-12-06 02:26:45.490909,,,,,,f,,,{},vector,161,252,25
203,2022-12-06 02:26:55.128871,,,,,,f,,,{},vector,187,253,18
204,2022-12-06 02:26:57.223847,,,,,,f,,,{},vector,175,254,44
205,2022-12-06 02:27:07.02443,,,,,,f,,,{},vector,176,255,29
206,2022-12-06 02:27:08.230872,,,,,,f,,,{},vector,200,256,43
207,2022-12-06 02:27:09.32578,,,,,,f,,,{},vector,197,257,22
208,2022-12-06 02:27:18.663938,,,,,,f,,,{},vector,214,258,15
209,2022-12-06 02:27:19.028059,,,,,,f,,,{},vector,190,259,40
210,2022-12-06 02:27:21.43871,,,,,,f,,,{},vector,211,260,11
211,2022-12-06 02:27:29.801315,,,,,,f,,,{},vector,243,261,4
212,2022-12-06 02:27:29.874021,,,,,,f,,,{},vector,230,262,7
213,2022-12-06 02:27:34.051884,,,,,,f,,,{},vector,239,263,49
214,2022-12-06 02:27:35.978883,,,,,,f,,,{},vector,246,264,2
215,2022-12-06 02:27:41.312458,,,,,,f,,,{},vector,231,265,14
216,2022-12-06 02:27:47.374535,,,,,,f,,,{},vector,236,266,20
250,2022-12-06 02:30:10.970518,,,,,,f,,,{},vector,216,300,38
254,2022-12-06 02:30:18.183451,,,,,,f,,,{},vector,237,304,16
217,2022-12-06 02:27:50.438514,,,,,,f,,,{},vector,212,267,39
234,2022-12-06 02:29:15.295148,,,,,,f,,,{},vector,253,284,18
245,2022-12-06 02:29:52.102259,,,,,,f,,,{},vector,213,295,26
247,2022-12-06 02:30:00.897617,,,,,,f,,,{},vector,257,297,22
251,2022-12-06 02:30:13.22195,,,,,,f,,,{},vector,259,301,40
218,2022-12-06 02:27:53.055462,,,,,,f,,,{},vector,217,268,9
219,2022-12-06 02:28:02.722225,,,,,,f,,,{},vector,245,269,45
222,2022-12-06 02:28:21.935212,,,,,,f,,,{},vector,228,272,50
224,2022-12-06 02:28:35.899965,,,,,,f,,,{},vector,249,274,21
237,2022-12-06 02:29:25.051394,,,,,,f,,,{},vector,235,287,13
241,2022-12-06 02:29:39.742951,,,,,,f,,,{},vector,226,291,10
220,2022-12-06 02:28:03.319485,,,,,,f,,,{},vector,247,270,28
221,2022-12-06 02:28:03.946442,,,,,,f,,,{},vector,223,271,36
223,2022-12-06 02:28:34.019155,,,,,,f,,,{},vector,256,273,43
229,2022-12-06 02:28:57.992524,,,,,,f,,,{},vector,221,279,46
236,2022-12-06 02:29:22.399324,,,,,,f,,,{},vector,219,286,30
240,2022-12-06 02:29:36.092102,,,,,,f,,,{},vector,244,290,47
242,2022-12-06 02:29:40.48376,,,,,,f,,,{},vector,229,292,8
225,2022-12-06 02:28:41.212755,,,,,,f,,,{},vector,238,275,31
243,2022-12-06 02:29:44.705487,,,,,,f,,,{},vector,222,293,34
226,2022-12-06 02:28:42.739989,,,,,,f,,,{},vector,241,276,42
231,2022-12-06 02:29:07.715991,,,,,,f,,,{},vector,209,281,5
235,2022-12-06 02:29:19.789761,,,,,,f,,,{},vector,250,285,33
239,2022-12-06 02:29:34.342987,,,,,,f,,,{},vector,224,289,24
227,2022-12-06 02:28:50.955588,,,,,,f,,,{},vector,240,277,12
228,2022-12-06 02:28:56.844379,,,,,,f,,,{},vector,215,278,35
244,2022-12-06 02:29:50.101878,,,,,,f,,,{},vector,254,294,44
246,2022-12-06 02:29:56.6569,,,,,,f,,,{},vector,248,296,17
230,2022-12-06 02:29:04.801287,,,,,,f,,,{},vector,233,280,48
232,2022-12-06 02:29:08.191941,,,,,,f,,,{},vector,218,282,41
238,2022-12-06 02:29:26.305333,,,,,,f,,,{},vector,251,288,19
249,2022-12-06 02:30:03.300693,,,,,,f,,,{},vector,232,299,3
233,2022-12-06 02:29:09.980947,,,,,,f,,,{},vector,234,283,37
248,2022-12-06 02:30:02.391506,,,,,,f,,,{},vector,242,298,6
252,2022-12-06 02:30:14.529201,,,,,,f,,,{},vector,227,302,23
253,2022-12-06 02:30:17.016651,,,,,,f,,,{},vector,255,303,29
255,2022-12-06 02:30:25.270503,,,,,,f,,,{},vector,225,305,32
256,2022-12-06 02:30:28.968078,,,,,,f,,,{},vector,252,306,25
257,2022-12-06 02:30:33.860468,,,,,,f,,,{},vector,268,307,9
258,2022-12-06 02:30:35.396911,,,,,,f,,,{},vector,220,308,27
259,2022-12-06 02:30:43.436184,,,,,,f,,,{},vector,297,309,22
260,2022-12-06 02:30:46.069188,,,,,,f,,,{},vector,270,310,28
261,2022-12-06 02:30:50.103284,,,,,,f,,,{},vector,304,311,16
262,2022-12-06 02:30:50.784625,,,,,,f,,,{},vector,277,312,12
263,2022-12-06 02:31:01.224189,,,,,,f,,,{},vector,296,313,17
264,2022-12-06 02:31:02.782914,,,,,,f,,,{},vector,279,314,46
265,2022-12-06 02:31:03.746044,,,,,,f,,,{},vector,263,315,49
266,2022-12-06 02:31:12.233962,,,,,,f,,,{},vector,261,316,4
267,2022-12-06 02:31:19.295452,,,,,,f,,,{},vector,294,317,44
268,2022-12-06 02:31:21.193046,,,,,,f,,,{},vector,308,318,27
269,2022-12-06 02:31:29.508136,,,,,,f,,,{},vector,305,319,32
270,2022-12-06 02:31:30.658677,,,,,,f,,,{},vector,298,320,6
271,2022-12-06 02:31:38.293414,,,,,,f,,,{},vector,258,321,15
272,2022-12-06 02:31:41.112411,,,,,,f,,,{},vector,302,322,23
273,2022-12-06 02:31:44.812435,,,,,,f,,,{},vector,278,323,35
274,2022-12-06 02:31:47.995284,,,,,,f,,,{},vector,282,324,41
275,2022-12-06 02:31:51.682446,,,,,,f,,,{},vector,286,325,30
276,2022-12-06 02:31:56.32945,,,,,,f,,,{},vector,276,326,42
277,2022-12-06 02:32:00.743518,,,,,,f,,,{},vector,287,327,13
278,2022-12-06 02:32:01.945004,,,,,,f,,,{},vector,273,328,43
279,2022-12-06 02:32:05.477493,,,,,,f,,,{},vector,281,329,5
280,2022-12-06 02:32:08.448851,,,,,,f,,,{},vector,288,330,19
281,2022-12-06 02:32:13.349189,,,,,,f,,,{},vector,269,331,45
282,2022-12-06 02:32:19.412438,,,,,,f,,,{},vector,260,332,11
283,2022-12-06 02:32:21.660233,,,,,,f,,,{},vector,306,333,25
284,2022-12-06 02:32:32.096265,,,,,,f,,,{},vector,271,334,36
285,2022-12-06 02:32:35.280486,,,,,,f,,,{},vector,290,335,47
286,2022-12-06 02:32:35.454191,,,,,,f,,,{},vector,280,336,48
287,2022-12-06 02:32:41.378604,,,,,,f,,,{},vector,274,337,21
288,2022-12-06 02:32:45.047254,,,,,,f,,,{},vector,285,338,33
289,2022-12-06 02:32:49.952419,,,,,,f,,,{},vector,289,339,24
290,2022-12-06 02:32:50.866046,,,,,,f,,,{},vector,301,340,40
291,2022-12-06 02:32:51.228936,,,,,,f,,,{},vector,275,341,31
292,2022-12-06 02:32:54.997122,,,,,,f,,,{},vector,272,342,50
293,2022-12-06 02:32:57.472121,,,,,,f,,,{},vector,295,343,26
294,2022-12-06 02:33:04.427834,,,,,,f,,,{},vector,300,344,38
295,2022-12-06 02:33:07.575085,,,,,,f,,,{},vector,264,345,2
296,2022-12-06 02:33:13.765687,,,,,,f,,,{},vector,292,346,8
297,2022-12-06 02:33:14.154513,,,,,,f,,,{},vector,267,347,39
298,2022-12-06 02:33:18.305186,,,,,,f,,,{},vector,291,348,10
299,2022-12-06 02:33:27.709803,,,,,,f,,,{},vector,265,349,14
300,2022-12-06 02:33:29.026103,,,,,,f,,,{},vector,262,350,7
301,2022-12-06 02:33:30.365688,,,,,,f,,,{},vector,299,351,3
302,2022-12-06 02:33:32.441287,,,,,,f,,,{},vector,266,352,20
303,2022-12-06 02:33:38.838852,,,,,,f,,,{},vector,293,353,34
304,2022-12-06 02:33:39.45074,,,,,,f,,,{},vector,303,354,29
305,2022-12-06 02:33:47.385499,,,,,,f,,,{},vector,283,355,37
306,2022-12-06 02:33:54.179444,,,,,,f,,,{},vector,284,356,18
307,2022-12-06 02:33:55.856098,,,,,,f,,,{},vector,328,357,43
308,2022-12-06 02:33:57.246338,,,,,,f,,,{},vector,307,358,9
309,2022-12-06 02:34:00.96568,,,,,,f,,,{},vector,331,359,45
310,2022-12-06 02:34:04.752713,,,,,,f,,,{},vector,333,360,25
311,2022-12-06 02:34:12.518287,,,,,,f,,,{},vector,322,361,23
312,2022-12-06 02:34:23.605221,,,,,,f,,,{},vector,310,362,28
313,2022-12-06 02:34:23.754564,,,,,,f,,,{},vector,314,363,46
314,2022-12-06 02:34:24.999506,,,,,,f,,,{},vector,318,364,27
315,2022-12-06 02:34:28.7569,,,,,,f,,,{},vector,343,365,26
316,2022-12-06 02:34:35.406866,,,,,,f,,,{},vector,334,366,36
317,2022-12-06 02:34:48.998701,,,,,,f,,,{},vector,352,367,20
318,2022-12-06 02:34:50.660555,,,,,,f,,,{},vector,348,368,10
319,2022-12-06 02:34:58.833768,,,,,,f,,,{},vector,317,369,44
320,2022-12-06 02:35:00.379383,,,,,,f,,,{},vector,320,370,6
321,2022-12-06 02:35:10.260834,,,,,,f,,,{},vector,349,371,14
322,2022-12-06 02:35:10.385943,,,,,,f,,,{},vector,346,372,8
323,2022-12-06 02:35:21.951078,,,,,,f,,,{},vector,332,373,11
324,2022-12-06 02:35:25.991336,,,,,,f,,,{},vector,353,374,34
325,2022-12-06 02:35:31.085475,,,,,,f,,,{},vector,337,375,21
326,2022-12-06 02:35:36.329274,,,,,,f,,,{},vector,327,376,13
327,2022-12-06 02:35:36.9059,,,,,,f,,,{},vector,354,377,29
328,2022-12-06 02:35:41.862639,,,,,,f,,,{},vector,321,378,15
329,2022-12-06 02:35:50.264776,,,,,,f,,,{},vector,330,379,19
330,2022-12-06 02:36:07.002849,,,,,,f,,,{},vector,324,380,41
331,2022-12-06 02:36:09.21991,,,,,,f,,,{},vector,323,381,35
332,2022-12-06 02:36:22.197589,,,,,,f,,,{},vector,351,382,3
333,2022-12-06 02:36:23.352045,,,,,,f,,,{},vector,315,383,49
334,2022-12-06 02:36:37.25831,,,,,,f,,,{},vector,311,384,16
335,2022-12-06 02:36:47.949633,,,,,,f,,,{},vector,341,385,31
336,2022-12-06 02:37:00.01015,,,,,,f,,,{},vector,329,386,5
337,2022-12-06 02:37:18.134586,,,,,,f,,,{},vector,340,387,40
338,2022-12-06 02:37:21.598194,,,,,,f,,,{},vector,345,388,2
339,2022-12-06 02:37:39.830003,,,,,,f,,,{},vector,326,389,42
340,2022-12-06 02:37:41.430911,,,,,,f,,,{},vector,336,390,48
341,2022-12-06 02:37:49.57998,,,,,,f,,,{},vector,313,391,17
342,2022-12-06 02:37:57.015478,,,,,,f,,,{},vector,309,392,22
343,2022-12-06 02:37:57.118987,,,,,,f,,,{},vector,325,393,30
344,2022-12-06 02:38:19.316076,,,,,,f,,,{},vector,356,394,18
345,2022-12-06 02:38:20.655066,,,,,,f,,,{},vector,347,395,39
346,2022-12-06 02:38:44.949208,,,,,,f,,,{},vector,335,396,47
347,2022-12-06 02:38:48.377145,,,,,,f,,,{},vector,355,397,37
348,2022-12-06 02:38:53.745979,,,,,,f,,,{},vector,342,398,50
349,2022-12-06 02:39:03.974301,,,,,,f,,,{},vector,339,399,24
357,2022-12-06 02:39:56.671486,,,,,,f,,,{},vector,359,407,45
374,2022-12-06 02:42:33.689166,,,,,,f,,,{},vector,361,424,23
390,2022-12-06 02:45:52.354709,,,,,,f,,,{},vector,391,440,17
350,2022-12-06 02:39:14.8301,,,,,,f,,,{},vector,316,400,4
351,2022-12-06 02:39:16.049918,,,,,,f,,,{},vector,312,401,12
355,2022-12-06 02:39:44.985221,,,,,,f,,,{},vector,319,405,32
362,2022-12-06 02:40:41.69913,,,,,,f,,,{},vector,382,412,3
366,2022-12-06 02:41:14.051515,,,,,,f,,,{},vector,401,416,12
370,2022-12-06 02:41:45.143541,,,,,,f,,,{},vector,373,420,11
389,2022-12-06 02:45:50.080809,,,,,,f,,,{},vector,358,439,9
392,2022-12-06 02:46:10.010036,,,,,,f,,,{},vector,394,442,18
393,2022-12-06 02:46:11.550775,,,,,,f,,,{},vector,398,443,50
396,2022-12-06 02:46:39.098141,,,,,,f,,,{},vector,405,446,32
399,2022-12-06 02:46:55.509621,,,,,,f,,,{},vector,404,449,7
402,2022-12-06 02:47:10.168852,,,,,,f,,,{},vector,368,452,10
413,2022-12-06 02:48:38.255569,,,,,,f,,,{},vector,417,463,6
414,2022-12-06 02:48:40.303652,,,,,,f,,,{},vector,410,464,36
352,2022-12-06 02:39:25.136431,,,,,,f,,,{},vector,338,402,33
363,2022-12-06 02:40:51.817637,,,,,,f,,,{},vector,357,413,43
373,2022-12-06 02:42:20.404412,,,,,,f,,,{},vector,393,423,30
404,2022-12-06 02:47:29.75985,,,,,,f,,,{},vector,389,454,42
417,2022-12-06 02:48:58.717585,,,,,,f,,,{},vector,426,467,44
419,2022-12-06 02:49:09.932482,,,,,,f,,,{},vector,445,469,41
353,2022-12-06 02:39:32.99701,,,,,,f,,,{},vector,344,403,38
375,2022-12-06 02:42:43.36573,,,,,,f,,,{},vector,365,425,26
382,2022-12-06 02:43:48.069099,,,,,,f,,,{},vector,377,432,29
386,2022-12-06 02:45:18.655639,,,,,,f,,,{},vector,374,436,34
387,2022-12-06 02:45:33.351974,,,,,,f,,,{},vector,396,437,47
407,2022-12-06 02:47:51.031945,,,,,,f,,,{},vector,453,457,25
354,2022-12-06 02:39:34.762783,,,,,,f,,,{},vector,350,404,7
378,2022-12-06 02:43:05.403437,,,,,,f,,,{},vector,403,428,38
397,2022-12-06 02:46:46.362623,,,,,,f,,,{},vector,378,447,15
356,2022-12-06 02:39:53.789299,,,,,,f,,,{},vector,388,406,2
359,2022-12-06 02:40:10.795232,,,,,,f,,,{},vector,397,409,37
380,2022-12-06 02:43:24.640806,,,,,,f,,,{},vector,384,430,16
400,2022-12-06 02:47:03.74909,,,,,,f,,,{},vector,379,450,19
421,2022-12-06 02:49:14.910262,,,,,,f,,,{},vector,408,471,33
358,2022-12-06 02:40:07.536606,,,,,,f,,,{},vector,402,408,33
360,2022-12-06 02:40:20.795787,,,,,,f,,,{},vector,366,410,36
361,2022-12-06 02:40:31.313038,,,,,,f,,,{},vector,381,411,35
364,2022-12-06 02:41:01.136935,,,,,,f,,,{},vector,376,414,13
365,2022-12-06 02:41:01.827962,,,,,,f,,,{},vector,372,415,8
369,2022-12-06 02:41:41.565916,,,,,,f,,,{},vector,364,419,27
372,2022-12-06 02:42:10.831132,,,,,,f,,,{},vector,395,422,39
381,2022-12-06 02:43:25.905805,,,,,,f,,,{},vector,386,431,5
385,2022-12-06 02:44:52.713885,,,,,,f,,,{},vector,385,435,31
388,2022-12-06 02:45:39.37742,,,,,,f,,,{},vector,400,438,4
391,2022-12-06 02:46:08.277619,,,,,,f,,,{},vector,387,441,40
394,2022-12-06 02:46:23.809125,,,,,,f,,,{},vector,375,444,21
401,2022-12-06 02:47:08.322163,,,,,,f,,,{},vector,390,451,48
403,2022-12-06 02:47:11.204344,,,,,,f,,,{},vector,360,453,25
415,2022-12-06 02:48:49.686165,,,,,,f,,,{},vector,427,465,20
367,2022-12-06 02:41:24.581607,,,,,,f,,,{},vector,370,417,6
368,2022-12-06 02:41:35.712551,,,,,,f,,,{},vector,362,418,28
371,2022-12-06 02:42:00.913899,,,,,,f,,,{},vector,371,421,14
376,2022-12-06 02:42:47.635702,,,,,,f,,,{},vector,369,426,44
377,2022-12-06 02:42:54.20582,,,,,,f,,,{},vector,367,427,20
379,2022-12-06 02:43:15.18352,,,,,,f,,,{},vector,363,429,46
383,2022-12-06 02:43:55.318624,,,,,,f,,,{},vector,392,433,22
384,2022-12-06 02:44:40.149961,,,,,,f,,,{},vector,399,434,24
395,2022-12-06 02:46:25.46014,,,,,,f,,,{},vector,380,445,41
398,2022-12-06 02:46:47.678327,,,,,,f,,,{},vector,383,448,49
405,2022-12-06 02:47:35.404764,,,,,,f,,,{},vector,416,455,12
406,2022-12-06 02:47:46.992939,,,,,,f,,,{},vector,406,456,2
408,2022-12-06 02:47:55.84172,,,,,,f,,,{},vector,444,458,21
409,2022-12-06 02:48:00.339122,,,,,,f,,,{},vector,420,459,11
410,2022-12-06 02:48:19.1692,,,,,,f,,,{},vector,418,460,28
411,2022-12-06 02:48:20.859032,,,,,,f,,,{},vector,446,461,32
412,2022-12-06 02:48:23.310706,,,,,,f,,,{},vector,413,462,43
416,2022-12-06 02:48:51.178095,,,,,,f,,,{},vector,412,466,3
418,2022-12-06 02:49:05.58039,,,,,,f,,,{},vector,425,468,26
420,2022-12-06 02:49:11.187284,,,,,,f,,,{},vector,414,470,13
422,2022-12-06 02:49:25.922518,,,,,,f,,,{},vector,452,472,10
423,2022-12-06 02:49:28.904884,,,,,,f,,,{},vector,436,473,34
424,2022-12-06 02:49:42.017776,,,,,,f,,,{},vector,422,474,39
425,2022-12-06 02:49:43.491587,,,,,,f,,,{},vector,428,475,38
426,2022-12-06 02:49:53.805806,,,,,,f,,,{},vector,448,476,49
427,2022-12-06 02:50:05.244652,,,,,,f,,,{},vector,421,477,14
428,2022-12-06 02:50:10.823235,,,,,,f,,,{},vector,443,478,50
429,2022-12-06 02:50:12.970879,,,,,,f,,,{},vector,441,479,40
430,2022-12-06 02:50:20.080668,,,,,,f,,,{},vector,433,480,22
431,2022-12-06 02:50:30.615916,,,,,,f,,,{},vector,430,481,16
432,2022-12-06 02:50:41.168288,,,,,,f,,,{},vector,432,482,29
433,2022-12-06 02:50:43.98497,,,,,,f,,,{},vector,440,483,17
434,2022-12-06 02:50:44.613438,,,,,,f,,,{},vector,429,484,46
435,2022-12-06 02:50:58.598177,,,,,,f,,,{},vector,424,485,23
436,2022-12-06 02:51:01.846403,,,,,,f,,,{},vector,407,486,45
437,2022-12-06 02:51:11.059889,,,,,,f,,,{},vector,409,487,37
438,2022-12-06 02:51:14.48704,,,,,,f,,,{},vector,411,488,35
439,2022-12-06 02:51:22.530307,,,,,,f,,,{},vector,451,489,48
440,2022-12-06 02:51:28.88649,,,,,,f,,,{},vector,431,490,5
441,2022-12-06 02:51:38.174419,,,,,,f,,,{},vector,439,491,9
442,2022-12-06 02:51:41.752476,,,,,,f,,,{},vector,419,492,27
443,2022-12-06 02:51:59.731406,,,,,,f,,,{},vector,449,493,7
444,2022-12-06 02:52:03.095695,,,,,,f,,,{},vector,454,494,42
445,2022-12-06 02:52:07.127237,,,,,,f,,,{},vector,435,495,31
446,2022-12-06 02:52:15.041776,,,,,,f,,,{},vector,434,496,24
447,2022-12-06 02:52:18.400396,,,,,,f,,,{},vector,438,497,4
448,2022-12-06 02:52:30.356312,,,,,,f,,,{},vector,423,498,30
449,2022-12-06 02:52:30.886548,,,,,,f,,,{},vector,447,499,15
450,2022-12-06 02:52:47.932497,,,,,,f,,,{},vector,450,500,19
451,2022-12-06 02:52:57.523915,,,,,,f,,,{},vector,437,501,47
452,2022-12-06 02:52:57.668146,,,,,,f,,,{},vector,415,502,8
453,2022-12-06 02:53:02.671539,,,,,,f,,,{},vector,498,503,30
454,2022-12-06 02:53:13.131961,,,,,,f,,,{},vector,442,504,18
455,2022-12-06 02:53:23.701012,,,,,,f,,,{},vector,499,505,15
456,2022-12-06 02:53:28.076761,,,,,,f,,,{},vector,487,506,37
457,2022-12-06 02:53:41.057604,,,,,,f,,,{},vector,476,507,49
458,2022-12-06 02:53:55.079727,,,,,,f,,,{},vector,472,508,10
459,2022-12-06 02:54:00.966858,,,,,,f,,,{},vector,486,509,45
460,2022-12-06 02:54:08.622532,,,,,,f,,,{},vector,474,510,39
461,2022-12-06 02:54:22.519689,,,,,,f,,,{},vector,462,511,43
462,2022-12-06 02:54:24.365836,,,,,,f,,,{},vector,469,512,41
463,2022-12-06 02:54:24.59111,,,,,,f,,,{},vector,477,513,14
464,2022-12-06 02:54:40.41805,,,,,,f,,,{},vector,465,514,20
465,2022-12-06 02:54:40.767104,,,,,,f,,,{},vector,490,515,5
466,2022-12-06 02:54:55.61327,,,,,,f,,,{},vector,489,516,48
467,2022-12-06 02:55:09.373728,,,,,,f,,,{},vector,466,517,3
468,2022-12-06 02:55:40.997111,,,,,,f,,,{},vector,458,518,21
469,2022-12-06 02:55:53.816703,,,,,,f,,,{},vector,491,519,9
470,2022-12-06 02:56:05.177021,,,,,,f,,,{},vector,485,520,23
471,2022-12-06 02:56:14.428112,,,,,,f,,,{},vector,496,521,24
472,2022-12-06 02:56:29.514157,,,,,,f,,,{},vector,455,522,12
473,2022-12-06 02:56:30.969625,,,,,,f,,,{},vector,500,523,19
474,2022-12-06 02:56:56.601433,,,,,,f,,,{},vector,467,524,44
475,2022-12-06 02:56:59.254574,,,,,,f,,,{},vector,464,525,36
476,2022-12-06 02:57:14.11404,,,,,,f,,,{},vector,471,526,33
477,2022-12-06 02:57:29.678085,,,,,,f,,,{},vector,492,527,27
478,2022-12-06 02:57:33.626752,,,,,,f,,,{},vector,473,528,34
479,2022-12-06 02:57:49.265202,,,,,,f,,,{},vector,483,529,17
480,2022-12-06 02:57:58.042098,,,,,,f,,,{},vector,494,530,42
481,2022-12-06 02:58:05.014707,,,,,,f,,,{},vector,478,531,50
482,2022-12-06 02:58:15.324991,,,,,,f,,,{},vector,504,532,18
483,2022-12-06 02:58:18.568053,,,,,,f,,,{},vector,497,533,4
484,2022-12-06 02:58:20.021866,,,,,,f,,,{},vector,481,534,16
485,2022-12-06 02:58:29.162398,,,,,,f,,,{},vector,488,535,35
486,2022-12-06 02:58:35.126189,,,,,,f,,,{},vector,484,536,46
487,2022-12-06 02:58:43.181515,,,,,,f,,,{},vector,460,537,28
488,2022-12-06 02:58:48.489434,,,,,,f,,,{},vector,482,538,29
489,2022-12-06 02:59:01.12857,,,,,,f,,,{},vector,493,539,7
490,2022-12-06 02:59:03.82603,,,,,,f,,,{},vector,459,540,11
491,2022-12-06 02:59:17.108891,,,,,,f,,,{},vector,456,541,2
492,2022-12-06 02:59:22.227455,,,,,,f,,,{},vector,502,542,8
493,2022-12-06 02:59:28.22085,,,,,,f,,,{},vector,501,543,47
494,2022-12-06 02:59:40.069512,,,,,,f,,,{},vector,475,544,38
495,2022-12-06 02:59:42.335852,,,,,,f,,,{},vector,463,545,6
496,2022-12-06 02:59:48.665015,,,,,,f,,,{},vector,479,546,40
497,2022-12-06 02:59:56.123222,,,,,,f,,,{},vector,470,547,13
498,2022-12-06 02:59:57.923464,,,,,,f,,,{},vector,495,548,31
499,2022-12-06 03:00:07.370372,,,,,,f,,,{},vector,457,549,25
513,2022-12-06 03:01:53.771889,,,,,,f,,,{},vector,536,563,46
500,2022-12-06 03:00:24.507969,,,,,,f,,,{},vector,468,550,26
501,2022-12-06 03:00:36.67262,,,,,,f,,,{},vector,461,551,32
516,2022-12-06 03:02:13.602536,,,,,,f,,,{},vector,507,566,49
502,2022-12-06 03:00:36.734005,,,,,,f,,,{},vector,480,552,22
503,2022-12-06 03:00:46.475223,,,,,,f,,,{},vector,539,553,7
504,2022-12-06 03:00:51.379172,,,,,,f,,,{},vector,549,554,25
505,2022-12-06 03:01:00.627909,,,,,,f,,,{},vector,528,555,34
506,2022-12-06 03:01:09.307455,,,,,,f,,,{},vector,510,556,39
507,2022-12-06 03:01:17.182959,,,,,,f,,,{},vector,523,557,19
511,2022-12-06 03:01:38.862391,,,,,,f,,,{},vector,505,561,15
508,2022-12-06 03:01:21.742456,,,,,,f,,,{},vector,506,558,37
509,2022-12-06 03:01:31.527333,,,,,,f,,,{},vector,545,559,6
515,2022-12-06 03:02:06.953811,,,,,,f,,,{},vector,508,565,10
510,2022-12-06 03:01:31.643078,,,,,,f,,,{},vector,518,560,21
512,2022-12-06 03:01:50.774446,,,,,,f,,,{},vector,529,562,17
514,2022-12-06 03:01:59.400437,,,,,,f,,,{},vector,532,564,18
517,2022-12-06 03:02:20.939652,,,,,,f,,,{},vector,537,567,28
518,2022-12-06 03:02:21.368211,,,,,,f,,,{},vector,527,568,27
519,2022-12-06 03:02:27.008538,,,,,,f,,,{},vector,525,569,36
520,2022-12-06 03:02:37.548781,,,,,,f,,,{},vector,542,570,8
521,2022-12-06 03:02:51.045912,,,,,,f,,,{},vector,546,571,40
522,2022-12-06 03:02:54.438336,,,,,,f,,,{},vector,548,572,31
523,2022-12-06 03:03:08.744573,,,,,,f,,,{},vector,534,573,16
524,2022-12-06 03:03:34.475622,,,,,,f,,,{},vector,531,574,50
525,2022-12-06 03:03:37.591922,,,,,,f,,,{},vector,519,575,9
526,2022-12-06 03:03:47.897705,,,,,,f,,,{},vector,511,576,43
527,2022-12-06 03:03:56.024753,,,,,,f,,,{},vector,515,577,5
528,2022-12-06 03:04:01.816497,,,,,,f,,,{},vector,552,578,22
529,2022-12-06 03:04:24.610649,,,,,,f,,,{},vector,547,579,13
530,2022-12-06 03:04:33.007327,,,,,,f,,,{},vector,522,580,12
531,2022-12-06 03:04:43.947875,,,,,,f,,,{},vector,514,581,20
532,2022-12-06 03:04:45.562717,,,,,,f,,,{},vector,538,582,29
533,2022-12-06 03:04:53.273176,,,,,,f,,,{},vector,513,583,14
534,2022-12-06 03:04:57.530045,,,,,,f,,,{},vector,516,584,48
535,2022-12-06 03:04:59.215142,,,,,,f,,,{},vector,521,585,24
536,2022-12-06 03:05:09.015006,,,,,,f,,,{},vector,551,586,32
537,2022-12-06 03:05:19.484179,,,,,,f,,,{},vector,524,587,44
538,2022-12-06 03:05:20.918931,,,,,,f,,,{},vector,535,588,35
539,2022-12-06 03:05:29.464532,,,,,,f,,,{},vector,543,589,47
540,2022-12-06 03:05:34.202583,,,,,,f,,,{},vector,512,590,41
541,2022-12-06 03:05:35.548345,,,,,,f,,,{},vector,526,591,33
542,2022-12-06 03:05:46.349931,,,,,,f,,,{},vector,520,592,23
543,2022-12-06 03:05:48.903491,,,,,,f,,,{},vector,509,593,45
544,2022-12-06 03:05:50.046625,,,,,,f,,,{},vector,550,594,26
545,2022-12-06 03:05:58.277403,,,,,,f,,,{},vector,540,595,11
546,2022-12-06 03:06:01.962731,,,,,,f,,,{},vector,503,596,30
547,2022-12-06 03:06:09.792976,,,,,,f,,,{},vector,517,597,3
548,2022-12-06 03:06:17.879884,,,,,,f,,,{},vector,533,598,4
549,2022-12-06 03:06:20.289031,,,,,,f,,,{},vector,541,599,2
550,2022-12-06 03:06:21.239667,,,,,,f,,,{},vector,530,600,42
551,2022-12-06 03:06:31.725548,,,,,,f,,,{},vector,544,601,38
552,2022-12-06 03:06:34.937814,,,,,,f,,,{},vector,583,602,14
553,2022-12-06 03:06:42.307811,,,,,,f,,,{},vector,581,603,20
554,2022-12-06 03:06:53.638901,,,,,,f,,,{},vector,589,604,47
555,2022-12-06 03:06:56.599289,,,,,,f,,,{},vector,590,605,41
556,2022-12-06 03:07:05.192175,,,,,,f,,,{},vector,567,606,28
557,2022-12-06 03:07:19.971935,,,,,,f,,,{},vector,554,607,25
558,2022-12-06 03:07:29.405967,,,,,,f,,,{},vector,566,608,49
559,2022-12-06 03:07:30.677188,,,,,,f,,,{},vector,577,609,5
560,2022-12-06 03:07:41.517681,,,,,,f,,,{},vector,564,610,18
561,2022-12-06 03:07:52.603364,,,,,,f,,,{},vector,556,611,39
562,2022-12-06 03:07:55.041008,,,,,,f,,,{},vector,591,612,33
563,2022-12-06 03:08:03.486259,,,,,,f,,,{},vector,565,613,10
564,2022-12-06 03:08:14.201878,,,,,,f,,,{},vector,596,614,30
565,2022-12-06 03:08:17.490694,,,,,,f,,,{},vector,576,615,43
566,2022-12-06 03:08:24.490066,,,,,,f,,,{},vector,558,616,37
567,2022-12-06 03:08:39.525599,,,,,,f,,,{},vector,563,617,46
568,2022-12-06 03:08:42.860514,,,,,,f,,,{},vector,595,618,11
569,2022-12-06 03:08:51.773193,,,,,,f,,,{},vector,593,619,45
570,2022-12-06 03:08:54.436762,,,,,,f,,,{},vector,561,620,15
571,2022-12-06 03:09:10.512463,,,,,,f,,,{},vector,574,621,50
572,2022-12-06 03:09:15.840747,,,,,,f,,,{},vector,571,622,40
573,2022-12-06 03:09:37.236639,,,,,,f,,,{},vector,585,623,24
574,2022-12-06 03:09:38.27143,,,,,,f,,,{},vector,587,624,44
575,2022-12-06 03:09:50.499056,,,,,,f,,,{},vector,557,625,19
576,2022-12-06 03:10:05.122287,,,,,,f,,,{},vector,588,626,35
577,2022-12-06 03:10:13.186416,,,,,,f,,,{},vector,584,627,48
578,2022-12-06 03:10:17.433265,,,,,,f,,,{},vector,572,628,31
579,2022-12-06 03:10:43.791566,,,,,,f,,,{},vector,555,629,34
580,2022-12-06 03:10:52.659776,,,,,,f,,,{},vector,580,630,12
581,2022-12-06 03:11:11.175158,,,,,,f,,,{},vector,592,631,23
582,2022-12-06 03:11:14.332238,,,,,,f,,,{},vector,560,632,21
583,2022-12-06 03:11:32.445807,,,,,,f,,,{},vector,570,633,8
584,2022-12-06 03:11:44.484769,,,,,,f,,,{},vector,562,634,17
585,2022-12-06 03:15:29.296006,,,,,,f,,,{},vector,586,635,32
586,2022-12-06 03:15:44.981217,,,,,,f,,,{},vector,600,636,42
587,2022-12-06 03:15:56.361523,,,,,,f,,,{},vector,578,637,22
588,2022-12-06 03:16:02.52028,,,,,,f,,,{},vector,568,638,27
589,2022-12-06 03:16:19.716902,,,,,,f,,,{},vector,599,639,2
590,2022-12-06 03:16:23.927147,,,,,,f,,,{},vector,582,640,29
591,2022-12-06 03:16:27.809692,,,,,,f,,,{},vector,594,641,26
592,2022-12-06 03:16:34.45618,,,,,,f,,,{},vector,569,642,36
593,2022-12-06 03:16:41.803421,,,,,,f,,,{},vector,573,643,16
594,2022-12-06 03:16:45.302626,,,,,,f,,,{},vector,579,644,13
595,2022-12-06 03:16:52.23483,,,,,,f,,,{},vector,598,645,4
596,2022-12-06 03:16:58.728426,,,,,,f,,,{},vector,601,646,38
597,2022-12-06 03:17:04.217913,,,,,,f,,,{},vector,597,647,3
598,2022-12-06 03:17:07.425424,,,,,,f,,,{},vector,559,648,6
599,2022-12-06 03:17:13.392397,,,,,,f,,,{},vector,553,649,7
600,2022-12-06 03:17:20.141619,,,,,,f,,,{},vector,575,650,9
601,2022-12-06 03:17:20.756771,,,,,,f,,,{},vector,613,651,10
602,2022-12-06 03:17:22.782194,,,,,,f,,,{},vector,623,652,24
603,2022-12-06 03:17:29.739747,,,,,,f,,,{},vector,630,653,12
604,2022-12-06 03:17:36.667109,,,,,,f,,,{},vector,648,654,6
605,2022-12-06 03:17:43.307127,,,,,,f,,,{},vector,620,655,15
606,2022-12-06 03:17:46.306194,,,,,,f,,,{},vector,638,656,27
607,2022-12-06 03:17:53.010288,,,,,,f,,,{},vector,643,657,16
608,2022-12-06 03:17:57.596869,,,,,,f,,,{},vector,628,658,31
609,2022-12-06 03:17:59.512499,,,,,,f,,,{},vector,608,659,49
610,2022-12-06 03:18:15.197197,,,,,,f,,,{},vector,642,660,36
611,2022-12-06 03:18:36.29414,,,,,,f,,,{},vector,640,661,29
612,2022-12-06 03:18:37.366984,,,,,,f,,,{},vector,614,662,30
613,2022-12-06 03:18:46.27309,,,,,,f,,,{},vector,603,663,20
614,2022-12-06 03:18:50.870032,,,,,,f,,,{},vector,609,664,5
615,2022-12-06 03:18:53.621361,,,,,,f,,,{},vector,612,665,33
616,2022-12-06 03:18:56.262396,,,,,,f,,,{},vector,616,666,37
619,2022-12-06 03:19:07.474485,,,,,,f,,,{},vector,619,669,45
617,2022-12-06 03:18:56.669988,,,,,,f,,,{},vector,644,667,13
618,2022-12-06 03:18:59.760579,,,,,,f,,,{},vector,626,668,35
620,2022-12-06 03:19:08.018754,,,,,,f,,,{},vector,629,670,34
621,2022-12-06 03:19:13.998372,,,,,,f,,,{},vector,615,671,43
622,2022-12-06 03:19:19.132943,,,,,,f,,,{},vector,647,672,3
623,2022-12-06 03:19:24.146933,,,,,,f,,,{},vector,611,673,39
624,2022-12-06 03:19:33.236317,,,,,,f,,,{},vector,622,674,40
625,2022-12-06 03:19:42.523452,,,,,,f,,,{},vector,634,675,17
626,2022-12-06 03:19:50.215013,,,,,,f,,,{},vector,635,676,32
627,2022-12-06 03:19:56.804919,,,,,,f,,,{},vector,625,677,19
628,2022-12-06 03:19:57.349038,,,,,,f,,,{},vector,618,678,11
629,2022-12-06 03:19:58.248644,,,,,,f,,,{},vector,604,679,47
630,2022-12-06 03:20:06.257242,,,,,,f,,,{},vector,606,680,28
631,2022-12-06 03:20:10.738243,,,,,,f,,,{},vector,632,681,21
632,2022-12-06 03:20:14.067322,,,,,,f,,,{},vector,631,682,23
633,2022-12-06 03:20:14.142885,,,,,,f,,,{},vector,633,683,8
634,2022-12-06 03:20:17.824015,,,,,,f,,,{},vector,624,684,44
635,2022-12-06 03:20:22.124789,,,,,,f,,,{},vector,605,685,41
636,2022-12-06 03:20:28.806165,,,,,,f,,,{},vector,607,686,25
637,2022-12-06 03:20:29.94625,,,,,,f,,,{},vector,621,687,50
638,2022-12-06 03:20:30.340344,,,,,,f,,,{},vector,617,688,46
639,2022-12-06 03:20:32.958577,,,,,,f,,,{},vector,602,689,14
640,2022-12-06 03:20:45.485478,,,,,,f,,,{},vector,636,690,42
641,2022-12-06 03:20:48.225609,,,,,,f,,,{},vector,649,691,7
642,2022-12-06 03:20:51.534105,,,,,,f,,,{},vector,627,692,48
643,2022-12-06 03:21:04.46614,,,,,,f,,,{},vector,639,693,2
644,2022-12-06 03:21:09.215778,,,,,,f,,,{},vector,650,694,9
645,2022-12-06 03:21:19.275739,,,,,,f,,,{},vector,641,695,26
646,2022-12-06 03:21:22.602969,,,,,,f,,,{},vector,637,696,22
647,2022-12-06 03:21:24.117166,,,,,,f,,,{},vector,646,697,38
648,2022-12-06 03:21:34.034268,,,,,,f,,,{},vector,610,698,18
649,2022-12-06 03:21:37.059024,,,,,,f,,,{},vector,645,699,4
650,2022-12-06 03:21:40.142858,,,,,,f,,,{},vector,664,700,5
651,2022-12-06 03:21:51.536971,,,,,,f,,,{},vector,657,701,16
652,2022-12-06 03:21:57.626109,,,,,,f,,,{},vector,689,702,14
653,2022-12-06 03:21:59.533782,,,,,,f,,,{},vector,699,703,4
654,2022-12-06 03:22:05.563754,,,,,,f,,,{},vector,654,704,6
655,2022-12-06 03:22:14.446134,,,,,,f,,,{},vector,690,705,42
656,2022-12-06 03:22:16.209132,,,,,,f,,,{},vector,669,706,45
657,2022-12-06 03:22:30.210007,,,,,,f,,,{},vector,685,707,41
658,2022-12-06 03:22:33.299433,,,,,,f,,,{},vector,671,708,43
659,2022-12-06 03:22:35.021519,,,,,,f,,,{},vector,687,709,50
660,2022-12-06 03:22:51.499825,,,,,,f,,,{},vector,683,710,8
661,2022-12-06 03:22:53.559404,,,,,,f,,,{},vector,677,711,19
662,2022-12-06 03:22:57.475576,,,,,,f,,,{},vector,659,712,49
663,2022-12-06 03:23:04.426969,,,,,,f,,,{},vector,680,713,28
664,2022-12-06 03:23:16.018435,,,,,,f,,,{},vector,692,714,48
665,2022-12-06 03:23:17.797044,,,,,,f,,,{},vector,682,715,23
666,2022-12-06 03:23:17.819327,,,,,,f,,,{},vector,663,716,20
667,2022-12-06 03:23:31.794357,,,,,,f,,,{},vector,655,717,15
668,2022-12-06 03:23:31.904058,,,,,,f,,,{},vector,656,718,27
669,2022-12-06 03:23:37.818006,,,,,,f,,,{},vector,688,719,46
670,2022-12-06 03:23:44.143145,,,,,,f,,,{},vector,698,720,18
671,2022-12-06 03:23:48.465675,,,,,,f,,,{},vector,667,721,13
672,2022-12-06 03:23:55.281433,,,,,,f,,,{},vector,678,722,11
673,2022-12-06 03:23:57.139609,,,,,,f,,,{},vector,697,723,38
674,2022-12-06 03:24:04.742151,,,,,,f,,,{},vector,662,724,30
675,2022-12-06 03:24:14.906909,,,,,,f,,,{},vector,651,725,10
676,2022-12-06 03:24:18.964299,,,,,,f,,,{},vector,691,726,7
677,2022-12-06 03:24:21.391163,,,,,,f,,,{},vector,653,727,12
678,2022-12-06 03:24:25.206756,,,,,,f,,,{},vector,695,728,26
679,2022-12-06 03:24:28.344065,,,,,,f,,,{},vector,661,729,29
680,2022-12-06 03:24:34.754921,,,,,,f,,,{},vector,684,730,44
681,2022-12-06 03:24:37.967065,,,,,,f,,,{},vector,665,731,33
682,2022-12-06 03:24:44.130762,,,,,,f,,,{},vector,668,732,35
683,2022-12-06 03:24:44.535906,,,,,,f,,,{},vector,679,733,47
684,2022-12-06 03:24:50.101259,,,,,,f,,,{},vector,675,734,17
685,2022-12-06 03:24:51.575962,,,,,,f,,,{},vector,694,735,9
686,2022-12-06 03:24:52.399564,,,,,,f,,,{},vector,666,736,37
687,2022-12-06 03:24:55.434865,,,,,,f,,,{},vector,660,737,36
688,2022-12-06 03:25:00.466862,,,,,,f,,,{},vector,686,738,25
689,2022-12-06 03:25:03.706524,,,,,,f,,,{},vector,658,739,31
690,2022-12-06 03:25:08.480571,,,,,,f,,,{},vector,673,740,39
691,2022-12-06 03:25:13.10443,,,,,,f,,,{},vector,672,741,3
692,2022-12-06 03:25:14.952574,,,,,,f,,,{},vector,670,742,34
693,2022-12-06 03:25:15.390078,,,,,,f,,,{},vector,693,743,2
694,2022-12-06 03:25:22.047501,,,,,,f,,,{},vector,681,744,21
695,2022-12-06 03:25:23.386922,,,,,,f,,,{},vector,696,745,22
696,2022-12-06 03:25:24.97593,,,,,,f,,,{},vector,652,746,24
697,2022-12-06 03:25:27.03184,,,,,,f,,,{},vector,674,747,40
698,2022-12-06 03:25:35.068495,,,,,,f,,,{},vector,676,748,32
699,2022-12-06 03:25:36.542693,,,,,,f,,,{},vector,715,749,23
700,2022-12-06 03:25:40.836703,,,,,,f,,,{},vector,743,750,2
701,2022-12-06 03:25:46.801687,,,,,,f,,,{},vector,735,751,9
702,2022-12-06 03:25:48.861603,,,,,,f,,,{},vector,722,752,11
703,2022-12-06 03:25:52.32835,,,,,,f,,,{},vector,725,753,10
704,2022-12-06 03:25:57.125906,,,,,,f,,,{},vector,733,754,47
705,2022-12-06 03:25:58.275688,,,,,,f,,,{},vector,706,755,45
706,2022-12-06 03:26:01.534988,,,,,,f,,,{},vector,731,756,33
707,2022-12-06 03:26:05.380207,,,,,,f,,,{},vector,729,757,29
708,2022-12-06 03:26:10.795568,,,,,,f,,,{},vector,732,758,35
709,2022-12-06 03:26:11.013238,,,,,,f,,,{},vector,705,759,42
710,2022-12-06 03:26:18.442309,,,,,,f,,,{},vector,746,760,24
711,2022-12-06 03:26:21.156978,,,,,,f,,,{},vector,704,761,6
712,2022-12-06 03:26:25.087412,,,,,,f,,,{},vector,748,762,32
713,2022-12-06 03:26:27.93493,,,,,,f,,,{},vector,728,763,26
714,2022-12-06 03:26:30.974882,,,,,,f,,,{},vector,713,764,28
715,2022-12-06 03:26:31.835769,,,,,,f,,,{},vector,710,765,8
716,2022-12-06 03:26:35.242704,,,,,,f,,,{},vector,720,766,18
717,2022-12-06 03:26:36.338144,,,,,,f,,,{},vector,717,767,15
718,2022-12-06 03:26:38.670049,,,,,,f,,,{},vector,741,768,3
719,2022-12-06 03:26:51.917176,,,,,,f,,,{},vector,714,769,48
723,2022-12-06 03:27:04.634561,,,,,,f,,,{},vector,734,773,17
728,2022-12-06 03:27:23.395293,,,,,,f,,,{},vector,711,778,19
743,2022-12-06 03:28:20.815335,,,,,,f,,,{},vector,724,793,30
720,2022-12-06 03:26:52.3497,,,,,,f,,,{},vector,723,770,38
737,2022-12-06 03:27:53.138481,,,,,,f,,,{},vector,747,787,40
721,2022-12-06 03:26:54.741451,,,,,,f,,,{},vector,719,771,46
729,2022-12-06 03:27:24.582967,,,,,,f,,,{},vector,727,779,12
722,2022-12-06 03:27:00.235442,,,,,,f,,,{},vector,726,772,7
725,2022-12-06 03:27:08.899002,,,,,,f,,,{},vector,736,775,37
732,2022-12-06 03:27:34.785725,,,,,,f,,,{},vector,708,782,43
734,2022-12-06 03:27:40.88754,,,,,,f,,,{},vector,730,784,44
724,2022-12-06 03:27:05.159616,,,,,,f,,,{},vector,716,774,20
726,2022-12-06 03:27:12.950232,,,,,,f,,,{},vector,718,776,27
727,2022-12-06 03:27:13.699938,,,,,,f,,,{},vector,707,777,41
738,2022-12-06 03:27:53.517084,,,,,,f,,,{},vector,700,788,5
730,2022-12-06 03:27:26.414916,,,,,,f,,,{},vector,737,780,36
736,2022-12-06 03:27:44.456182,,,,,,f,,,{},vector,702,786,14
731,2022-12-06 03:27:32.124209,,,,,,f,,,{},vector,712,781,49
733,2022-12-06 03:27:38.322094,,,,,,f,,,{},vector,703,783,4
735,2022-12-06 03:27:41.388934,,,,,,f,,,{},vector,701,785,16
742,2022-12-06 03:28:16.175501,,,,,,f,,,{},vector,738,792,25
739,2022-12-06 03:27:53.741831,,,,,,f,,,{},vector,742,789,34
741,2022-12-06 03:28:05.048089,,,,,,f,,,{},vector,721,791,13
740,2022-12-06 03:28:00.851648,,,,,,f,,,{},vector,744,790,21
744,2022-12-06 03:28:21.454938,,,,,,f,,,{},vector,709,794,50
745,2022-12-06 03:28:23.835814,,,,,,f,,,{},vector,740,795,39
746,2022-12-06 03:28:32.357441,,,,,,f,,,{},vector,739,796,31
747,2022-12-06 03:28:35.390433,,,,,,f,,,{},vector,745,797,22
748,2022-12-06 03:28:37.160739,,,,,,f,,,{},vector,783,798,4
749,2022-12-06 03:28:37.201475,,,,,,f,,,{},vector,766,799,18
750,2022-12-06 03:28:47.72393,,,,,,f,,,{},vector,762,800,32
751,2022-12-06 03:28:50.241795,,,,,,f,,,{},vector,787,801,40
752,2022-12-06 03:28:52.482399,,,,,,f,,,{},vector,771,802,46
753,2022-12-06 03:29:00.962818,,,,,,f,,,{},vector,786,803,14
754,2022-12-06 03:29:06.257399,,,,,,f,,,{},vector,761,804,6
755,2022-12-06 03:29:12.439108,,,,,,f,,,{},vector,749,805,23
756,2022-12-06 03:29:16.259937,,,,,,f,,,{},vector,772,806,7
757,2022-12-06 03:29:23.507985,,,,,,f,,,{},vector,751,807,9
758,2022-12-06 03:29:26.769845,,,,,,f,,,{},vector,782,808,43
759,2022-12-06 03:29:29.679289,,,,,,f,,,{},vector,757,809,29
760,2022-12-06 03:29:39.312299,,,,,,f,,,{},vector,791,810,13
761,2022-12-06 03:29:46.531481,,,,,,f,,,{},vector,795,811,39
762,2022-12-06 03:29:51.313631,,,,,,f,,,{},vector,752,812,11
763,2022-12-06 03:29:54.367864,,,,,,f,,,{},vector,779,813,12
764,2022-12-06 03:29:56.55754,,,,,,f,,,{},vector,793,814,30
765,2022-12-06 03:29:59.352207,,,,,,f,,,{},vector,789,815,34
766,2022-12-06 03:30:05.327573,,,,,,f,,,{},vector,768,816,3
767,2022-12-06 03:30:09.248665,,,,,,f,,,{},vector,777,817,41
768,2022-12-06 03:30:16.175637,,,,,,f,,,{},vector,759,818,42
769,2022-12-06 03:30:16.443748,,,,,,f,,,{},vector,770,819,38
770,2022-12-06 03:30:22.446957,,,,,,f,,,{},vector,781,820,49
771,2022-12-06 03:30:26.919274,,,,,,f,,,{},vector,775,821,37
772,2022-12-06 03:30:27.936463,,,,,,f,,,{},vector,754,822,47
773,2022-12-06 03:30:31.658405,,,,,,f,,,{},vector,774,823,20
774,2022-12-06 03:30:37.165966,,,,,,f,,,{},vector,764,824,28
775,2022-12-06 03:30:38.344014,,,,,,f,,,{},vector,763,825,26
776,2022-12-06 03:30:41.400914,,,,,,f,,,{},vector,788,826,5
777,2022-12-06 03:30:49.009942,,,,,,f,,,{},vector,750,827,2
778,2022-12-06 03:30:51.487031,,,,,,f,,,{},vector,794,828,50
779,2022-12-06 03:30:53.106272,,,,,,f,,,{},vector,785,829,16
780,2022-12-06 03:30:53.555658,,,,,,f,,,{},vector,756,830,33
781,2022-12-06 03:31:00.038861,,,,,,f,,,{},vector,767,831,15
782,2022-12-06 03:31:05.501906,,,,,,f,,,{},vector,784,832,44
783,2022-12-06 03:31:07.251589,,,,,,f,,,{},vector,796,833,31
784,2022-12-06 03:31:10.009231,,,,,,f,,,{},vector,758,834,35
785,2022-12-06 03:31:12.280874,,,,,,f,,,{},vector,780,835,36
786,2022-12-06 03:31:20.835958,,,,,,f,,,{},vector,773,836,17
787,2022-12-06 03:31:21.560867,,,,,,f,,,{},vector,776,837,27
788,2022-12-06 03:31:28.063353,,,,,,f,,,{},vector,797,838,22
789,2022-12-06 03:31:30.172054,,,,,,f,,,{},vector,769,839,48
790,2022-12-06 03:31:39.777874,,,,,,f,,,{},vector,760,840,24
791,2022-12-06 03:31:41.790927,,,,,,f,,,{},vector,790,841,21
792,2022-12-06 03:31:51.877305,,,,,,f,,,{},vector,755,842,45
793,2022-12-06 03:32:01.053653,,,,,,f,,,{},vector,792,843,25
794,2022-12-06 03:32:03.970891,,,,,,f,,,{},vector,753,844,10
795,2022-12-06 03:32:13.304535,,,,,,f,,,{},vector,778,845,19
796,2022-12-06 03:32:20.114108,,,,,,f,,,{},vector,765,846,8
797,2022-12-06 03:32:26.270856,,,,,,f,,,{},vector,843,847,25
798,2022-12-06 03:32:28.449228,,,,,,f,,,{},vector,821,848,37
799,2022-12-06 03:32:33.790753,,,,,,f,,,{},vector,806,849,7
800,2022-12-06 03:32:45.196238,,,,,,f,,,{},vector,823,850,20
801,2022-12-06 03:32:45.904031,,,,,,f,,,{},vector,800,851,32
802,2022-12-06 03:32:46.869491,,,,,,f,,,{},vector,826,852,5
803,2022-12-06 03:32:49.128527,,,,,,f,,,{},vector,845,853,19
804,2022-12-06 03:33:04.258596,,,,,,f,,,{},vector,835,854,36
805,2022-12-06 03:33:05.756517,,,,,,f,,,{},vector,820,855,49
806,2022-12-06 03:33:08.868386,,,,,,f,,,{},vector,825,856,26
807,2022-12-06 03:33:19.916263,,,,,,f,,,{},vector,815,857,34
808,2022-12-06 03:33:23.471298,,,,,,f,,,{},vector,822,858,47
809,2022-12-06 03:33:32.746257,,,,,,f,,,{},vector,818,859,42
810,2022-12-06 03:33:39.998869,,,,,,f,,,{},vector,814,860,30
811,2022-12-06 03:33:43.259558,,,,,,f,,,{},vector,834,861,35
812,2022-12-06 03:33:52.744505,,,,,,f,,,{},vector,799,862,18
813,2022-12-06 03:33:54.432531,,,,,,f,,,{},vector,816,863,3
814,2022-12-06 03:34:08.302613,,,,,,f,,,{},vector,844,864,10
815,2022-12-06 03:34:09.422915,,,,,,f,,,{},vector,808,865,43
816,2022-12-06 03:34:13.343216,,,,,,f,,,{},vector,803,866,14
817,2022-12-06 03:34:34.179641,,,,,,f,,,{},vector,809,867,29
818,2022-12-06 03:34:45.549904,,,,,,f,,,{},vector,805,868,23
819,2022-12-06 03:34:49.455653,,,,,,f,,,{},vector,838,869,22
820,2022-12-06 03:35:08.714919,,,,,,f,,,{},vector,802,870,46
821,2022-12-06 03:35:09.86007,,,,,,f,,,{},vector,801,871,40
822,2022-12-06 03:35:20.210259,,,,,,f,,,{},vector,813,872,12
823,2022-12-06 03:35:21.513146,,,,,,f,,,{},vector,840,873,24
824,2022-12-06 03:35:25.814542,,,,,,f,,,{},vector,798,874,4
825,2022-12-06 03:35:35.620878,,,,,,f,,,{},vector,827,875,2
826,2022-12-06 03:35:47.419921,,,,,,f,,,{},vector,831,876,15
827,2022-12-06 03:35:48.598321,,,,,,f,,,{},vector,837,877,27
828,2022-12-06 03:35:57.581392,,,,,,f,,,{},vector,810,878,13
829,2022-12-06 03:36:03.468263,,,,,,f,,,{},vector,829,879,16
830,2022-12-06 03:36:20.488846,,,,,,f,,,{},vector,811,880,39
831,2022-12-06 03:36:26.358128,,,,,,f,,,{},vector,817,881,41
832,2022-12-06 03:36:31.925292,,,,,,f,,,{},vector,833,882,31
833,2022-12-06 03:36:45.987819,,,,,,f,,,{},vector,804,883,6
834,2022-12-06 03:36:46.063737,,,,,,f,,,{},vector,804,884,6
835,2022-12-06 03:36:46.593748,,,,,,f,,,{},vector,832,885,44
836,2022-12-06 03:37:02.501174,,,,,,f,,,{},vector,839,886,48
837,2022-12-06 03:37:15.927273,,,,,,f,,,{},vector,836,887,17
838,2022-12-06 03:37:25.167282,,,,,,f,,,{},vector,830,888,33
839,2022-12-06 03:37:27.622697,,,,,,f,,,{},vector,824,889,28
840,2022-12-06 03:37:37.618327,,,,,,f,,,{},vector,842,890,45
847,2022-12-06 03:38:43.372196,,,,,,f,,,{},vector,812,897,11
855,2022-12-06 03:39:31.332896,,,,,,f,,,{},vector,847,905,25
864,2022-12-06 03:40:35.47125,,,,,,f,,,{},vector,876,914,15
841,2022-12-06 03:37:52.708129,,,,,,f,,,{},vector,846,891,8
859,2022-12-06 03:39:54.378784,,,,,,f,,,{},vector,854,909,36
842,2022-12-06 03:37:55.341441,,,,,,f,,,{},vector,807,892,9
843,2022-12-06 03:38:08.24957,,,,,,f,,,{},vector,828,893,50
844,2022-12-06 03:38:17.549036,,,,,,f,,,{},vector,819,894,38
869,2022-12-06 03:41:04.788639,,,,,,f,,,{},vector,890,919,45
845,2022-12-06 03:38:21.50642,,,,,,f,,,{},vector,877,895,27
865,2022-12-06 03:40:43.165357,,,,,,f,,,{},vector,896,915,21
870,2022-12-06 03:41:15.013888,,,,,,f,,,{},vector,864,920,10
846,2022-12-06 03:38:38.500964,,,,,,f,,,{},vector,841,896,21
851,2022-12-06 03:39:08.817131,,,,,,f,,,{},vector,892,901,9
857,2022-12-06 03:39:45.844924,,,,,,f,,,{},vector,888,907,33
858,2022-12-06 03:39:48.52418,,,,,,f,,,{},vector,872,908,12
863,2022-12-06 03:40:30.53594,,,,,,f,,,{},vector,859,913,42
872,2022-12-06 03:41:19.203335,,,,,,f,,,{},vector,865,922,43
848,2022-12-06 03:38:48.47629,,,,,,f,,,{},vector,878,898,13
861,2022-12-06 03:40:12.060044,,,,,,f,,,{},vector,856,911,26
868,2022-12-06 03:40:51.599186,,,,,,f,,,{},vector,868,918,23
849,2022-12-06 03:38:55.279486,,,,,,f,,,{},vector,858,899,47
854,2022-12-06 03:39:29.698892,,,,,,f,,,{},vector,848,904,37
862,2022-12-06 03:40:19.037627,,,,,,f,,,{},vector,889,912,28
866,2022-12-06 03:40:46.550584,,,,,,f,,,{},vector,887,916,17
873,2022-12-06 03:41:20.562434,,,,,,f,,,{},vector,857,923,34
850,2022-12-06 03:39:08.256639,,,,,,f,,,{},vector,860,900,30
867,2022-12-06 03:40:50.52069,,,,,,f,,,{},vector,894,917,38
852,2022-12-06 03:39:11.108895,,,,,,f,,,{},vector,853,902,19
856,2022-12-06 03:39:41.512923,,,,,,f,,,{},vector,870,906,46
860,2022-12-06 03:40:01.870203,,,,,,f,,,{},vector,871,910,40
853,2022-12-06 03:39:16.981197,,,,,,f,,,{},vector,891,903,8
871,2022-12-06 03:41:18.26236,,,,,,f,,,{},vector,873,921,24
874,2022-12-06 03:41:31.490336,,,,,,f,,,{},vector,874,924,4
875,2022-12-06 03:41:40.419116,,,,,,f,,,{},vector,881,925,41
876,2022-12-06 03:41:46.337154,,,,,,f,,,{},vector,882,926,31
877,2022-12-06 03:41:46.344308,,,,,,f,,,{},vector,849,927,7
878,2022-12-06 03:41:51.744442,,,,,,f,,,{},vector,861,928,35
879,2022-12-06 03:41:53.274527,,,,,,f,,,{},vector,867,929,29
880,2022-12-06 03:42:00.532028,,,,,,f,,,{},vector,851,930,32
881,2022-12-06 03:42:00.641977,,,,,,f,,,{},vector,893,931,50
882,2022-12-06 03:42:08.630623,,,,,,f,,,{},vector,883,932,6
883,2022-12-06 03:42:16.570689,,,,,,f,,,{},vector,886,933,48
884,2022-12-06 03:42:17.637697,,,,,,f,,,{},vector,863,934,3
885,2022-12-06 03:42:27.882183,,,,,,f,,,{},vector,897,935,11
886,2022-12-06 03:42:34.142278,,,,,,f,,,{},vector,879,936,16
887,2022-12-06 03:42:44.495131,,,,,,f,,,{},vector,885,937,44
888,2022-12-06 03:42:50.159509,,,,,,f,,,{},vector,866,938,14
889,2022-12-06 03:42:55.132956,,,,,,f,,,{},vector,855,939,49
890,2022-12-06 03:43:08.465,,,,,,f,,,{},vector,852,940,5
891,2022-12-06 03:43:08.676752,,,,,,f,,,{},vector,875,941,2
892,2022-12-06 03:43:21.377217,,,,,,f,,,{},vector,862,942,18
893,2022-12-06 03:43:26.565658,,,,,,f,,,{},vector,880,943,39
894,2022-12-06 03:43:28.195938,,,,,,f,,,{},vector,850,944,20
895,2022-12-06 03:43:40.239243,,,,,,f,,,{},vector,869,945,22
896,2022-12-06 03:43:42.117308,,,,,,f,,,{},vector,908,946,12
897,2022-12-06 03:43:42.366003,,,,,,f,,,{},vector,915,947,21
898,2022-12-06 03:43:44.05629,,,,,,f,,,{},vector,941,948,2
899,2022-12-06 03:43:52.670978,,,,,,f,,,{},vector,902,949,19
900,2022-12-06 03:44:01.359413,,,,,,f,,,{},vector,899,950,47
901,2022-12-06 03:44:03.759427,,,,,,f,,,{},vector,901,951,9
902,2022-12-06 03:44:08.121166,,,,,,f,,,{},vector,921,952,24
903,2022-12-06 03:44:09.319741,,,,,,f,,,{},vector,923,953,34
904,2022-12-06 03:44:16.117903,,,,,,f,,,{},vector,945,954,22
905,2022-12-06 03:44:19.911655,,,,,,f,,,{},vector,912,955,28
906,2022-12-06 03:44:25.179052,,,,,,f,,,{},vector,928,956,35
907,2022-12-06 03:44:30.522943,,,,,,f,,,{},vector,938,957,14
908,2022-12-06 03:44:32.230493,,,,,,f,,,{},vector,903,958,8
909,2022-12-06 03:44:40.713679,,,,,,f,,,{},vector,906,959,46
910,2022-12-06 03:44:42.716743,,,,,,f,,,{},vector,932,960,6
911,2022-12-06 03:44:45.369115,,,,,,f,,,{},vector,930,961,32
912,2022-12-06 03:44:56.54075,,,,,,f,,,{},vector,926,962,31
913,2022-12-06 03:44:58.536852,,,,,,f,,,{},vector,939,963,49
914,2022-12-06 03:45:04.670563,,,,,,f,,,{},vector,907,964,33
915,2022-12-06 03:45:07.550763,,,,,,f,,,{},vector,943,965,39
916,2022-12-06 03:45:08.794269,,,,,,f,,,{},vector,916,966,17
917,2022-12-06 03:45:12.811283,,,,,,f,,,{},vector,925,967,41
918,2022-12-06 03:45:19.860809,,,,,,f,,,{},vector,933,968,48
919,2022-12-06 03:45:32.578493,,,,,,f,,,{},vector,936,969,16
920,2022-12-06 03:45:36.601373,,,,,,f,,,{},vector,934,970,3
921,2022-12-06 03:45:45.390724,,,,,,f,,,{},vector,935,971,11
922,2022-12-06 03:45:47.519102,,,,,,f,,,{},vector,910,972,40
923,2022-12-06 03:45:47.683668,,,,,,f,,,{},vector,910,973,40
924,2022-12-06 03:45:48.105278,,,,,,f,,,{},vector,922,974,43
925,2022-12-06 03:45:50.435998,,,,,,f,,,{},vector,913,975,42
926,2022-12-06 03:46:05.990478,,,,,,f,,,{},vector,944,976,20
927,2022-12-06 03:46:08.719299,,,,,,f,,,{},vector,942,977,18
928,2022-12-06 03:46:17.315999,,,,,,f,,,{},vector,919,978,45
929,2022-12-06 03:46:18.491553,,,,,,f,,,{},vector,898,979,13
930,2022-12-06 03:46:19.454131,,,,,,f,,,{},vector,929,980,29
931,2022-12-06 03:46:31.270146,,,,,,f,,,{},vector,918,981,23
932,2022-12-06 03:46:33.841938,,,,,,f,,,{},vector,931,982,50
933,2022-12-06 03:46:46.917063,,,,,,f,,,{},vector,924,983,4
934,2022-12-06 03:46:48.044773,,,,,,f,,,{},vector,940,984,5
935,2022-12-06 03:46:57.499004,,,,,,f,,,{},vector,927,985,7
936,2022-12-06 03:46:57.941416,,,,,,f,,,{},vector,909,986,36
937,2022-12-06 03:47:08.541172,,,,,,f,,,{},vector,900,987,30
938,2022-12-06 03:47:13.696666,,,,,,f,,,{},vector,895,988,27
939,2022-12-06 03:47:19.926076,,,,,,f,,,{},vector,937,989,44
940,2022-12-06 03:47:25.846324,,,,,,f,,,{},vector,905,990,25
941,2022-12-06 03:47:31.397018,,,,,,f,,,{},vector,904,991,37
942,2022-12-06 03:47:39.163182,,,,,,f,,,{},vector,920,992,10
943,2022-12-06 03:47:39.678573,,,,,,f,,,{},vector,914,993,15
944,2022-12-06 03:47:42.82632,,,,,,f,,,{},vector,911,994,26
945,2022-12-06 03:47:44.028115,,,,,,f,,,{},vector,917,995,38
946,2022-12-06 03:47:54.445457,,,,,,f,,,{},vector,975,996,42
947,2022-12-06 03:47:55.103941,,,,,,f,,,{},vector,963,997,49
948,2022-12-06 03:48:12.126791,,,,,,f,,,{},vector,959,998,46
949,2022-12-06 03:48:15.664607,,,,,,f,,,{},vector,969,999,16
950,2022-12-06 03:48:15.743711,,,,,,f,,,{},vector,970,1000,3
951,2022-12-06 03:48:26.250097,,,,,,f,,,{},vector,955,1001,28
952,2022-12-06 03:48:30.871119,,,,,,f,,,{},vector,972,1002,40
953,2022-12-06 03:48:40.235319,,,,,,f,,,{},vector,946,1003,12
954,2022-12-06 03:48:42.28393,,,,,,f,,,{},vector,977,1004,18
955,2022-12-06 03:48:43.562173,,,,,,f,,,{},vector,960,1005,6
956,2022-12-06 03:49:00.141197,,,,,,f,,,{},vector,982,1006,50
957,2022-12-06 03:49:00.695445,,,,,,f,,,{},vector,971,1007,11
958,2022-12-06 03:49:01.102193,,,,,,f,,,{},vector,947,1008,21
959,2022-12-06 03:49:14.600383,,,,,,f,,,{},vector,986,1009,36
960,2022-12-06 03:49:15.842213,,,,,,f,,,{},vector,957,1010,14
961,2022-12-06 03:49:27.933505,,,,,,f,,,{},vector,967,1011,41
962,2022-12-06 03:49:28.579454,,,,,,f,,,{},vector,974,1012,43
963,2022-12-06 03:49:37.290149,,,,,,f,,,{},vector,951,1013,9
964,2022-12-06 03:49:40.179703,,,,,,f,,,{},vector,962,1014,31
965,2022-12-06 03:49:47.715589,,,,,,f,,,{},vector,954,1015,22
966,2022-12-06 03:49:52.079328,,,,,,f,,,{},vector,994,1016,26
967,2022-12-06 03:49:54.772381,,,,,,f,,,{},vector,966,1017,17
968,2022-12-06 03:50:06.747437,,,,,,f,,,{},vector,992,1018,10
969,2022-12-06 03:50:08.830553,,,,,,f,,,{},vector,990,1019,25
970,2022-12-06 03:50:09.716374,,,,,,f,,,{},vector,979,1020,13
1014,2022-12-06 03:54:18.981446,,,,,,f,,,{},vector,1028,1064,32
971,2022-12-06 03:50:11.541421,,,,,,f,,,{},vector,948,1021,2
982,2022-12-06 03:51:15.536126,,,,,,f,,,{},vector,968,1032,48
988,2022-12-06 03:51:47.134789,,,,,,f,,,{},vector,976,1038,20
992,2022-12-06 03:52:04.524885,,,,,,f,,,{},vector,995,1042,38
994,2022-12-06 03:52:16.142414,,,,,,f,,,{},vector,1035,1044,45
1011,2022-12-06 03:53:56.495204,,,,,,f,,,{},vector,1029,1061,44
972,2022-12-06 03:50:21.314475,,,,,,f,,,{},vector,980,1022,29
973,2022-12-06 03:50:23.258468,,,,,,f,,,{},vector,985,1023,7
993,2022-12-06 03:52:06.397572,,,,,,f,,,{},vector,993,1043,15
998,2022-12-06 03:52:31.355537,,,,,,f,,,{},vector,996,1048,42
1005,2022-12-06 03:53:17.2675,,,,,,f,,,{},vector,1011,1055,41
1007,2022-12-06 03:53:29.193477,,,,,,f,,,{},vector,1024,1057,19
1008,2022-12-06 03:53:31.306271,,,,,,f,,,{},vector,1007,1058,11
974,2022-12-06 03:50:28.917588,,,,,,f,,,{},vector,949,1024,19
975,2022-12-06 03:50:34.186971,,,,,,f,,,{},vector,987,1025,30
989,2022-12-06 03:51:47.330193,,,,,,f,,,{},vector,964,1039,33
1010,2022-12-06 03:53:47.160582,,,,,,f,,,{},vector,1037,1060,47
976,2022-12-06 03:50:42.150894,,,,,,f,,,{},vector,991,1026,37
1001,2022-12-06 03:52:50.068361,,,,,,f,,,{},vector,1000,1051,3
1013,2022-12-06 03:54:07.826446,,,,,,f,,,{},vector,1045,1063,39
977,2022-12-06 03:50:50.569332,,,,,,f,,,{},vector,983,1027,4
978,2022-12-06 03:50:51.658971,,,,,,f,,,{},vector,961,1028,32
980,2022-12-06 03:51:05.092762,,,,,,f,,,{},vector,952,1030,24
987,2022-12-06 03:51:40.483909,,,,,,f,,,{},vector,950,1037,47
991,2022-12-06 03:52:01.634523,,,,,,f,,,{},vector,953,1041,34
979,2022-12-06 03:50:57.889608,,,,,,f,,,{},vector,989,1029,44
984,2022-12-06 03:51:26.856467,,,,,,f,,,{},vector,958,1034,8
1000,2022-12-06 03:52:48.082106,,,,,,f,,,{},vector,1010,1050,14
1012,2022-12-06 03:54:02.625601,,,,,,f,,,{},vector,1031,1062,5
981,2022-12-06 03:51:06.93134,,,,,,f,,,{},vector,984,1031,5
995,2022-12-06 03:52:16.303844,,,,,,f,,,{},vector,965,1045,39
983,2022-12-06 03:51:20.545713,,,,,,f,,,{},vector,988,1033,27
996,2022-12-06 03:52:19.200518,,,,,,f,,,{},vector,1017,1046,17
999,2022-12-06 03:52:36.202021,,,,,,f,,,{},vector,1008,1049,21
1003,2022-12-06 03:53:01.696414,,,,,,f,,,{},vector,1043,1053,15
985,2022-12-06 03:51:32.343159,,,,,,f,,,{},vector,978,1035,45
997,2022-12-06 03:52:30.71457,,,,,,f,,,{},vector,1033,1047,27
1002,2022-12-06 03:52:51.979348,,,,,,f,,,{},vector,1025,1052,30
1009,2022-12-06 03:53:45.377954,,,,,,f,,,{},vector,1038,1059,20
1015,2022-12-06 03:54:20.036273,,,,,,f,,,{},vector,1004,1065,18
986,2022-12-06 03:51:32.975186,,,,,,f,,,{},vector,956,1036,35
1004,2022-12-06 03:53:02.78731,,,,,,f,,,{},vector,1034,1054,8
990,2022-12-06 03:51:53.108347,,,,,,f,,,{},vector,981,1040,23
1006,2022-12-06 03:53:17.504651,,,,,,f,,,{},vector,999,1056,16
1016,2022-12-06 03:54:34.026259,,,,,,f,,,{},vector,1016,1066,26
1017,2022-12-06 03:54:35.122966,,,,,,f,,,{},vector,997,1067,49
1018,2022-12-06 03:54:48.199802,,,,,,f,,,{},vector,1002,1068,40
1019,2022-12-06 03:54:48.89212,,,,,,f,,,{},vector,1030,1069,24
1020,2022-12-06 03:55:02.539092,,,,,,f,,,{},vector,1012,1070,43
1021,2022-12-06 03:55:13.649837,,,,,,f,,,{},vector,1003,1071,12
1022,2022-12-06 03:55:14.983715,,,,,,f,,,{},vector,1022,1072,29
1023,2022-12-06 03:55:27.020218,,,,,,f,,,{},vector,1039,1073,33
1024,2022-12-06 03:55:35.172314,,,,,,f,,,{},vector,1026,1074,37
1025,2022-12-06 03:55:42.34194,,,,,,f,,,{},vector,1006,1075,50
1026,2022-12-06 03:55:47.012036,,,,,,f,,,{},vector,998,1076,46
1027,2022-12-06 03:55:50.773894,,,,,,f,,,{},vector,1019,1077,25
1028,2022-12-06 03:56:00.454466,,,,,,f,,,{},vector,1020,1078,13
1029,2022-12-06 03:56:07.923001,,,,,,f,,,{},vector,1015,1079,22
1030,2022-12-06 03:56:14.399459,,,,,,f,,,{},vector,1040,1080,23
1031,2022-12-06 03:56:16.937527,,,,,,f,,,{},vector,1001,1081,28
1032,2022-12-06 03:56:19.901799,,,,,,f,,,{},vector,1032,1082,48
1033,2022-12-06 03:56:27.2161,,,,,,f,,,{},vector,1018,1083,10
1034,2022-12-06 03:56:34.023753,,,,,,f,,,{},vector,1023,1084,7
1035,2022-12-06 03:56:37.558512,,,,,,f,,,{},vector,1036,1085,35
1036,2022-12-06 03:56:39.662653,,,,,,f,,,{},vector,1021,1086,2
1037,2022-12-06 03:56:46.995836,,,,,,f,,,{},vector,1014,1087,31
1038,2022-12-06 03:56:49.221233,,,,,,f,,,{},vector,1042,1088,38
1039,2022-12-06 03:56:57.789976,,,,,,f,,,{},vector,1027,1089,4
1040,2022-12-06 03:56:58.731904,,,,,,f,,,{},vector,1009,1090,36
1041,2022-12-06 03:57:10.014901,,,,,,f,,,{},vector,1005,1091,6
1042,2022-12-06 03:57:11.663086,,,,,,f,,,{},vector,1013,1092,9
1043,2022-12-06 03:57:13.102045,,,,,,f,,,{},vector,1041,1093,34
