id,creation_time,property1,property2,property3,property4,property5,failed,failed_reason,time_of_death,details,type,origin_id,network_id,contents,vars,node_id,participant_id,module_state_id,trial_maker_id,definition,complete,finalized,is_repeat_trial,score,bonus,parent_trial_id,answer,propagate_failure,response_id,repeat_trial_index,n_repeat_trials,time_taken,_initial_assets,time_credit_before_trial,time_credit_after_trial,time_credit_from_trial,block_position,block
4,2022-11-30 21:30:19.345871,,,,,,f,,,{},CustomTrial,3,3,,{},3,1,2,graph_demo,"[{""vertex_id"": 2, ""content"": [0, 1, 1, 0, 1, 2, 0, 2, 0], ""is_center"": true}, {""vertex_id"": 1, ""content"": [0, 2, 1, 0, 2, 2, 0, 1, 2], ""is_center"": false}, {""vertex_id"": 5, ""content"": [0, 0, 2, 0, 2, 0, 0, 0, 1], ""is_center"": false}]",t,t,f,,,,"{""choose"": 1, ""reproduce"": 2}",t,12,,,0,{},108,128,20,0,default
1,2022-11-30 21:30:18.189931,,,,,,f,,,{},CustomTrial,7,7,,{},7,1,2,graph_demo,"[{""vertex_id"": 6, ""content"": [2, 2, 0, 1, 2, 0, 0, 1, 2], ""is_center"": true}, {""vertex_id"": 3, ""content"": [0, 1, 0, 1, 0, 2, 2, 0, 2], ""is_center"": false}, {""vertex_id"": 7, ""content"": [1, 1, 1, 2, 1, 0, 0, 2, 2], ""is_center"": false}]",t,t,f,,,,"{""choose"": 2, ""reproduce"": 0}",t,6,,,0,{},48,68,20,0,default
3,2022-11-30 21:30:18.966693,,,,,,f,,,{},CustomTrial,5,5,,{},5,1,2,graph_demo,"[{""vertex_id"": 4, ""content"": [0, 1, 0, 2, 1, 1, 0, 0, 2], ""is_center"": true}, {""vertex_id"": 3, ""content"": [0, 1, 0, 1, 0, 2, 2, 0, 2], ""is_center"": false}, {""vertex_id"": 1, ""content"": [0, 2, 1, 0, 2, 2, 0, 1, 2], ""is_center"": false}, {""vertex_id"": 5, ""content"": [0, 0, 2, 0, 2, 0, 0, 0, 1], ""is_center"": false}, {""vertex_id"": 7, ""content"": [1, 1, 1, 2, 1, 0, 0, 2, 2], ""is_center"": false}]",t,t,f,,,,"{""choose"": 3, ""reproduce"": 0}",t,10,,,0,{},88,108,20,0,default
104,2022-11-30 21:50:32.735494,,,,,,t,response_timeout,2022-11-30 21:52:12.467221,{},CustomTrial,17,3,,{},17,244,488,graph_demo,[2],f,f,f,,,,,t,,,,,{},48,,,0,default
68,2022-11-30 21:42:32.729449,,,,,,t,response_timeout,2022-11-30 21:44:12.467457,{},CustomTrial,17,3,,{},17,148,296,graph_demo,[2],f,f,f,,,,,t,,,,,{},48,,,0,default
2,2022-11-30 21:30:18.609398,,,,,,f,,,{},CustomTrial,9,9,,{},9,1,2,graph_demo,"[{""vertex_id"": 8, ""content"": [1, 0, 0, 2, 0, 0, 2, 2, 2], ""is_center"": true}, {""vertex_id"": 7, ""content"": [1, 1, 1, 2, 1, 0, 0, 2, 2], ""is_center"": false}, {""vertex_id"": 5, ""content"": [0, 0, 2, 0, 2, 0, 0, 0, 1], ""is_center"": false}]",t,t,f,,,,"{""choose"": 1, ""reproduce"": 1}",t,8,,,0,{},68,88,20,0,default
33,2022-11-30 21:34:37.73075,,,,,,t,response_timeout,2022-11-30 21:36:12.470485,{},CustomTrial,17,3,,{},17,53,106,graph_demo,[2],f,f,f,,,,,t,,,,,{},48,,,0,default
32,2022-11-30 21:34:32.733312,,,,,,t,response_timeout,2022-11-30 21:36:12.479969,{},CustomTrial,16,1,,{},16,52,104,graph_demo,[2],f,f,f,,,,,t,,,,,{},48,,,0,default
35,2022-11-30 21:34:47.727164,,,,,,t,response_timeout,2022-11-30 21:36:12.492498,{},CustomTrial,14,9,,{},14,55,110,graph_demo,[1],f,f,f,,,,,t,,,,,{},48,,,0,default
5,2022-11-30 21:30:19.744455,,,,,,f,,,{},CustomTrial,6,6,,{},6,1,2,graph_demo,"[{""vertex_id"": 5, ""content"": [0, 0, 2, 0, 2, 0, 0, 0, 1], ""is_center"": true}, {""vertex_id"": 4, ""content"": [0, 1, 0, 2, 1, 1, 0, 0, 2], ""is_center"": false}, {""vertex_id"": 2, ""content"": [0, 1, 1, 0, 1, 2, 0, 2, 0], ""is_center"": false}, {""vertex_id"": 8, ""content"": [1, 0, 0, 2, 0, 0, 2, 2, 2], ""is_center"": false}]",t,t,f,,,,"{""choose"": 1, ""reproduce"": 0}",t,14,,,0,{},128,148,20,0,default
6,2022-11-30 21:30:20.20109,,,,,,f,,,{},CustomTrial,4,4,,{},4,1,2,graph_demo,"[{""vertex_id"": 3, ""content"": [0, 1, 0, 1, 0, 2, 2, 0, 2], ""is_center"": true}, {""vertex_id"": 0, ""content"": [2, 1, 2, 0, 2, 2, 1, 0, 0], ""is_center"": false}, {""vertex_id"": 4, ""content"": [0, 1, 0, 2, 1, 1, 0, 0, 2], ""is_center"": false}, {""vertex_id"": 6, ""content"": [2, 2, 0, 1, 2, 0, 0, 1, 2], ""is_center"": false}]",t,t,f,,,,"{""choose"": 2, ""reproduce"": 2}",t,16,,,0,{},148,168,20,0,default
36,2022-11-30 21:34:52.740264,,,,,,t,response_timeout,2022-11-30 21:36:12.501278,{},CustomTrial,11,4,,{},11,56,112,graph_demo,[2],f,f,f,,,,,t,,,,,{},48,,,0,default
8,2022-11-30 21:30:21.055243,,,,,,f,,,{},CustomTrial,8,8,,{},8,1,2,graph_demo,"[{""vertex_id"": 7, ""content"": [1, 1, 1, 2, 1, 0, 0, 2, 2], ""is_center"": true}, {""vertex_id"": 6, ""content"": [2, 2, 0, 1, 2, 0, 0, 1, 2], ""is_center"": false}, {""vertex_id"": 4, ""content"": [0, 1, 0, 2, 1, 1, 0, 0, 2], ""is_center"": false}, {""vertex_id"": 8, ""content"": [1, 0, 0, 2, 0, 0, 2, 2, 2], ""is_center"": false}]",t,t,f,,,,"{""choose"": 1, ""reproduce"": 1}",t,20,,,0,{},188,208,20,0,default
7,2022-11-30 21:30:20.60191,,,,,,f,,,{},CustomTrial,1,1,,{},1,1,2,graph_demo,"[{""vertex_id"": 0, ""content"": [2, 1, 2, 0, 2, 2, 1, 0, 0], ""is_center"": true}, {""vertex_id"": 1, ""content"": [0, 2, 1, 0, 2, 2, 0, 1, 2], ""is_center"": false}, {""vertex_id"": 3, ""content"": [0, 1, 0, 1, 0, 2, 2, 0, 2], ""is_center"": false}]",t,t,f,,,,"{""choose"": 0, ""reproduce"": 2}",t,18,,,0,{},168,188,20,0,default
38,2022-11-30 21:36:17.800942,,,,,,t,response_timeout,2022-11-30 21:38:12.466185,{},CustomTrial,15,2,,{},15,73,146,graph_demo,[1],f,f,f,,,,,t,,,,,{},48,,,0,default
9,2022-11-30 21:30:21.473845,,,,,,f,,,{},CustomTrial,2,2,,{},2,1,2,graph_demo,"[{""vertex_id"": 1, ""content"": [0, 2, 1, 0, 2, 2, 0, 1, 2], ""is_center"": true}, {""vertex_id"": 0, ""content"": [2, 1, 2, 0, 2, 2, 1, 0, 0], ""is_center"": false}, {""vertex_id"": 2, ""content"": [0, 1, 1, 0, 1, 2, 0, 2, 0], ""is_center"": false}, {""vertex_id"": 4, ""content"": [0, 1, 0, 2, 1, 1, 0, 0, 2], ""is_center"": false}]",t,t,f,,,,"{""choose"": 1, ""reproduce"": 1}",t,22,,,0,{},208,228,20,0,default
10,2022-11-30 21:30:22.685994,,,,,,t,response_timeout,2022-11-30 21:32:12.492,{},CustomTrial,18,5,,{},18,2,4,graph_demo,[0],f,f,f,,,,,t,,,,,{},48,,,0,default
11,2022-11-30 21:30:27.654009,,,,,,t,response_timeout,2022-11-30 21:32:12.499632,{},CustomTrial,16,1,,{},16,3,6,graph_demo,[2],f,f,f,,,,,t,,,,,{},48,,,0,default
14,2022-11-30 21:30:42.650575,,,,,,t,response_timeout,2022-11-30 21:32:12.508764,{},CustomTrial,12,8,,{},12,6,12,graph_demo,[1],f,f,f,,,,,t,,,,,{},48,,,0,default
12,2022-11-30 21:30:32.706446,,,,,,t,response_timeout,2022-11-30 21:32:12.517664,{},CustomTrial,15,2,,{},15,4,8,graph_demo,[1],f,f,f,,,,,t,,,,,{},48,,,0,default
17,2022-11-30 21:30:57.775564,,,,,,t,response_timeout,2022-11-30 21:32:12.523915,{},CustomTrial,14,9,,{},14,9,18,graph_demo,[1],f,f,f,,,,,t,,,,,{},48,,,0,default
16,2022-11-30 21:30:52.657067,,,,,,t,response_timeout,2022-11-30 21:32:12.468965,{},CustomTrial,11,4,,{},11,8,16,graph_demo,[2],f,f,f,,,,,t,,,,,{},48,,,0,default
13,2022-11-30 21:30:37.647736,,,,,,t,response_timeout,2022-11-30 21:32:12.482037,{},CustomTrial,13,7,,{},13,5,10,graph_demo,[0],f,f,f,,,,,t,,,,,{},48,,,0,default
15,2022-11-30 21:30:47.651195,,,,,,t,response_timeout,2022-11-30 21:32:12.532559,{},CustomTrial,10,6,,{},10,7,14,graph_demo,[0],f,f,f,,,,,t,,,,,{},48,,,0,default
18,2022-11-30 21:31:02.648216,,,,,,t,response_timeout,2022-11-30 21:32:12.539857,{},CustomTrial,17,3,,{},17,10,20,graph_demo,[2],f,f,f,,,,,t,,,,,{},48,,,0,default
20,2022-11-30 21:32:17.65999,,,,,,t,response_timeout,2022-11-30 21:34:12.470037,{},CustomTrial,13,7,,{},13,25,50,graph_demo,[0],f,f,f,,,,,t,,,,,{},48,,,0,default
19,2022-11-30 21:32:12.715248,,,,,,t,response_timeout,2022-11-30 21:34:12.479569,{},CustomTrial,18,5,,{},18,24,48,graph_demo,[0],f,f,f,,,,,t,,,,,{},48,,,0,default
21,2022-11-30 21:32:22.707427,,,,,,t,response_timeout,2022-11-30 21:34:12.489985,{},CustomTrial,17,3,,{},17,26,52,graph_demo,[2],f,f,f,,,,,t,,,,,{},48,,,0,default
23,2022-11-30 21:32:32.694159,,,,,,t,response_timeout,2022-11-30 21:34:12.499522,{},CustomTrial,12,8,,{},12,28,56,graph_demo,[1],f,f,f,,,,,t,,,,,{},48,,,0,default
22,2022-11-30 21:32:27.757765,,,,,,t,response_timeout,2022-11-30 21:34:12.508389,{},CustomTrial,10,6,,{},10,27,54,graph_demo,[0],f,f,f,,,,,t,,,,,{},48,,,0,default
24,2022-11-30 21:32:37.677298,,,,,,t,response_timeout,2022-11-30 21:34:12.516138,{},CustomTrial,15,2,,{},15,29,58,graph_demo,[1],f,f,f,,,,,t,,,,,{},48,,,0,default
25,2022-11-30 21:32:42.682601,,,,,,t,response_timeout,2022-11-30 21:34:12.525698,{},CustomTrial,11,4,,{},11,30,60,graph_demo,[2],f,f,f,,,,,t,,,,,{},48,,,0,default
26,2022-11-30 21:32:47.659941,,,,,,t,response_timeout,2022-11-30 21:34:12.532704,{},CustomTrial,16,1,,{},16,31,62,graph_demo,[2],f,f,f,,,,,t,,,,,{},48,,,0,default
27,2022-11-30 21:32:52.652619,,,,,,t,response_timeout,2022-11-30 21:34:12.540971,{},CustomTrial,14,9,,{},14,32,64,graph_demo,[1],f,f,f,,,,,t,,,,,{},48,,,0,default
41,2022-11-30 21:36:32.784361,,,,,,t,response_timeout,2022-11-30 21:38:12.499758,{},CustomTrial,18,5,,{},18,76,152,graph_demo,[0],f,f,f,,,,,t,,,,,{},48,,,0,default
42,2022-11-30 21:36:37.897768,,,,,,t,response_timeout,2022-11-30 21:38:12.505735,{},CustomTrial,16,1,,{},16,77,154,graph_demo,[2],f,f,f,,,,,t,,,,,{},48,,,0,default
43,2022-11-30 21:36:43.000081,,,,,,t,response_timeout,2022-11-30 21:38:12.51363,{},CustomTrial,10,6,,{},10,78,156,graph_demo,[0],f,f,f,,,,,t,,,,,{},48,,,0,default
44,2022-11-30 21:36:47.885031,,,,,,t,response_timeout,2022-11-30 21:38:12.519631,{},CustomTrial,11,4,,{},11,79,158,graph_demo,[2],f,f,f,,,,,t,,,,,{},48,,,0,default
69,2022-11-30 21:42:37.746506,,,,,,t,response_timeout,2022-11-30 21:44:12.477126,{},CustomTrial,14,9,,{},14,149,298,graph_demo,[1],f,f,f,,,,,t,,,,,{},48,,,0,default
28,2022-11-30 21:34:12.764421,,,,,,t,response_timeout,2022-11-30 21:36:12.50862,{},CustomTrial,13,7,,{},13,48,96,graph_demo,[0],f,f,f,,,,,t,,,,,{},48,,,0,default
45,2022-11-30 21:36:52.77337,,,,,,t,response_timeout,2022-11-30 21:38:12.527948,{},CustomTrial,14,9,,{},14,80,160,graph_demo,[1],f,f,f,,,,,t,,,,,{},48,,,0,default
34,2022-11-30 21:34:42.726758,,,,,,t,response_timeout,2022-11-30 21:36:12.51833,{},CustomTrial,10,6,,{},10,54,108,graph_demo,[0],f,f,f,,,,,t,,,,,{},48,,,0,default
29,2022-11-30 21:34:17.734112,,,,,,t,response_timeout,2022-11-30 21:36:12.530044,{},CustomTrial,12,8,,{},12,49,98,graph_demo,[1],f,f,f,,,,,t,,,,,{},48,,,0,default
70,2022-11-30 21:42:42.729515,,,,,,t,response_timeout,2022-11-30 21:44:12.488411,{},CustomTrial,15,2,,{},15,150,300,graph_demo,[1],f,f,f,,,,,t,,,,,{},48,,,0,default
30,2022-11-30 21:34:22.722729,,,,,,t,response_timeout,2022-11-30 21:36:12.538526,{},CustomTrial,15,2,,{},15,50,100,graph_demo,[1],f,f,f,,,,,t,,,,,{},48,,,0,default
66,2022-11-30 21:42:22.750176,,,,,,t,response_timeout,2022-11-30 21:44:12.498104,{},CustomTrial,11,4,,{},11,146,292,graph_demo,[2],f,f,f,,,,,t,,,,,{},48,,,0,default
31,2022-11-30 21:34:27.874219,,,,,,t,response_timeout,2022-11-30 21:36:12.547479,{},CustomTrial,18,5,,{},18,51,102,graph_demo,[0],f,f,f,,,,,t,,,,,{},48,,,0,default
65,2022-11-30 21:42:17.718796,,,,,,t,response_timeout,2022-11-30 21:44:12.509294,{},CustomTrial,16,1,,{},16,145,290,graph_demo,[2],f,f,f,,,,,t,,,,,{},48,,,0,default
50,2022-11-30 21:38:32.756362,,,,,,t,response_timeout,2022-11-30 21:40:12.467576,{},CustomTrial,11,4,,{},11,100,200,graph_demo,[2],f,f,f,,,,,t,,,,,{},48,,,0,default
82,2022-11-30 21:46:12.808654,,,,,,t,response_timeout,2022-11-30 21:48:12.468202,{},CustomTrial,14,9,,{},14,192,384,graph_demo,[1],f,f,f,,,,,t,,,,,{},48,,,0,default
88,2022-11-30 21:46:42.744451,,,,,,t,response_timeout,2022-11-30 21:48:12.477861,{},CustomTrial,10,6,,{},10,198,396,graph_demo,[0],f,f,f,,,,,t,,,,,{},48,,,0,default
46,2022-11-30 21:38:12.74634,,,,,,t,response_timeout,2022-11-30 21:40:12.475675,{},CustomTrial,17,3,,{},17,96,192,graph_demo,[2],f,f,f,,,,,t,,,,,{},48,,,0,default
91,2022-11-30 21:48:12.741259,,,,,,t,response_timeout,2022-11-30 21:50:12.466311,{},CustomTrial,12,8,,{},12,216,432,graph_demo,[1],f,f,f,,,,,t,,,,,{},48,,,0,default
51,2022-11-30 21:38:37.761309,,,,,,t,response_timeout,2022-11-30 21:40:12.484972,{},CustomTrial,16,1,,{},16,101,202,graph_demo,[2],f,f,f,,,,,t,,,,,{},48,,,0,default
47,2022-11-30 21:38:17.733079,,,,,,t,response_timeout,2022-11-30 21:40:12.493906,{},CustomTrial,12,8,,{},12,97,194,graph_demo,[1],f,f,f,,,,,t,,,,,{},48,,,0,default
39,2022-11-30 21:36:22.735739,,,,,,t,response_timeout,2022-11-30 21:38:12.474617,{},CustomTrial,13,7,,{},13,74,148,graph_demo,[0],f,f,f,,,,,t,,,,,{},48,,,0,default
40,2022-11-30 21:36:27.815857,,,,,,t,response_timeout,2022-11-30 21:38:12.483343,{},CustomTrial,12,8,,{},12,75,150,graph_demo,[1],f,f,f,,,,,t,,,,,{},48,,,0,default
37,2022-11-30 21:36:12.800501,,,,,,t,response_timeout,2022-11-30 21:38:12.491633,{},CustomTrial,17,3,,{},17,72,144,graph_demo,[2],f,f,f,,,,,t,,,,,{},48,,,0,default
48,2022-11-30 21:38:22.733885,,,,,,t,response_timeout,2022-11-30 21:40:12.5006,{},CustomTrial,14,9,,{},14,98,196,graph_demo,[1],f,f,f,,,,,t,,,,,{},48,,,0,default
52,2022-11-30 21:38:42.724038,,,,,,t,response_timeout,2022-11-30 21:40:12.509615,{},CustomTrial,13,7,,{},13,102,204,graph_demo,[0],f,f,f,,,,,t,,,,,{},48,,,0,default
49,2022-11-30 21:38:27.735341,,,,,,t,response_timeout,2022-11-30 21:40:12.518102,{},CustomTrial,18,5,,{},18,99,198,graph_demo,[0],f,f,f,,,,,t,,,,,{},48,,,0,default
53,2022-11-30 21:38:47.725194,,,,,,t,response_timeout,2022-11-30 21:40:12.526172,{},CustomTrial,10,6,,{},10,103,206,graph_demo,[0],f,f,f,,,,,t,,,,,{},48,,,0,default
54,2022-11-30 21:38:52.722036,,,,,,t,response_timeout,2022-11-30 21:40:12.533419,{},CustomTrial,15,2,,{},15,104,208,graph_demo,[1],f,f,f,,,,,t,,,,,{},48,,,0,default
62,2022-11-30 21:40:47.723684,,,,,,t,response_timeout,2022-11-30 21:42:12.466634,{},CustomTrial,18,5,,{},18,127,254,graph_demo,[0],f,f,f,,,,,t,,,,,{},48,,,0,default
56,2022-11-30 21:40:17.716848,,,,,,t,response_timeout,2022-11-30 21:42:12.473606,{},CustomTrial,16,1,,{},16,121,242,graph_demo,[2],f,f,f,,,,,t,,,,,{},48,,,0,default
57,2022-11-30 21:40:22.734889,,,,,,t,response_timeout,2022-11-30 21:42:12.482595,{},CustomTrial,10,6,,{},10,122,244,graph_demo,[0],f,f,f,,,,,t,,,,,{},48,,,0,default
59,2022-11-30 21:40:33.020619,,,,,,t,response_timeout,2022-11-30 21:42:12.489895,{},CustomTrial,11,4,,{},11,124,248,graph_demo,[2],f,f,f,,,,,t,,,,,{},48,,,0,default
55,2022-11-30 21:40:12.755903,,,,,,t,response_timeout,2022-11-30 21:42:12.495757,{},CustomTrial,15,2,,{},15,120,240,graph_demo,[1],f,f,f,,,,,t,,,,,{},48,,,0,default
58,2022-11-30 21:40:27.719385,,,,,,t,response_timeout,2022-11-30 21:42:12.504,{},CustomTrial,17,3,,{},17,123,246,graph_demo,[2],f,f,f,,,,,t,,,,,{},48,,,0,default
61,2022-11-30 21:40:42.798121,,,,,,t,response_timeout,2022-11-30 21:42:12.511693,{},CustomTrial,12,8,,{},12,126,252,graph_demo,[1],f,f,f,,,,,t,,,,,{},48,,,0,default
60,2022-11-30 21:40:37.767097,,,,,,t,response_timeout,2022-11-30 21:42:12.517816,{},CustomTrial,13,7,,{},13,125,250,graph_demo,[0],f,f,f,,,,,t,,,,,{},48,,,0,default
63,2022-11-30 21:40:52.734319,,,,,,t,response_timeout,2022-11-30 21:42:12.525075,{},CustomTrial,14,9,,{},14,128,256,graph_demo,[1],f,f,f,,,,,t,,,,,{},48,,,0,default
108,2022-11-30 21:50:52.72245,,,,,,t,response_timeout,2022-11-30 21:52:12.492152,{},CustomTrial,11,4,,{},11,248,496,graph_demo,[2],f,f,f,,,,,t,,,,,{},48,,,0,default
81,2022-11-30 21:44:52.723655,,,,,,t,response_timeout,2022-11-30 21:46:12.468704,{},CustomTrial,10,6,,{},10,176,352,graph_demo,[0],f,f,f,,,,,t,,,,,{},48,,,0,default
73,2022-11-30 21:44:12.786074,,,,,,t,response_timeout,2022-11-30 21:46:12.478916,{},CustomTrial,11,4,,{},11,168,336,graph_demo,[2],f,f,f,,,,,t,,,,,{},48,,,0,default
67,2022-11-30 21:42:27.735759,,,,,,t,response_timeout,2022-11-30 21:44:12.521201,{},CustomTrial,10,6,,{},10,147,294,graph_demo,[0],f,f,f,,,,,t,,,,,{},48,,,0,default
71,2022-11-30 21:42:47.749878,,,,,,t,response_timeout,2022-11-30 21:44:12.532812,{},CustomTrial,18,5,,{},18,151,302,graph_demo,[0],f,f,f,,,,,t,,,,,{},48,,,0,default
64,2022-11-30 21:42:12.741685,,,,,,t,response_timeout,2022-11-30 21:44:12.542525,{},CustomTrial,13,7,,{},13,144,288,graph_demo,[0],f,f,f,,,,,t,,,,,{},48,,,0,default
72,2022-11-30 21:42:52.727304,,,,,,t,response_timeout,2022-11-30 21:44:12.553744,{},CustomTrial,12,8,,{},12,152,304,graph_demo,[1],f,f,f,,,,,t,,,,,{},48,,,0,default
74,2022-11-30 21:44:17.737324,,,,,,t,response_timeout,2022-11-30 21:46:12.49033,{},CustomTrial,12,8,,{},12,169,338,graph_demo,[1],f,f,f,,,,,t,,,,,{},48,,,0,default
75,2022-11-30 21:44:22.73991,,,,,,t,response_timeout,2022-11-30 21:46:12.499231,{},CustomTrial,18,5,,{},18,170,340,graph_demo,[0],f,f,f,,,,,t,,,,,{},48,,,0,default
76,2022-11-30 21:44:27.756814,,,,,,t,response_timeout,2022-11-30 21:46:12.507437,{},CustomTrial,17,3,,{},17,171,342,graph_demo,[2],f,f,f,,,,,t,,,,,{},48,,,0,default
77,2022-11-30 21:44:32.721872,,,,,,t,response_timeout,2022-11-30 21:46:12.516701,{},CustomTrial,16,1,,{},16,172,344,graph_demo,[2],f,f,f,,,,,t,,,,,{},48,,,0,default
105,2022-11-30 21:50:37.723634,,,,,,t,response_timeout,2022-11-30 21:52:12.474497,{},CustomTrial,15,2,,{},15,245,490,graph_demo,[1],f,f,f,,,,,t,,,,,{},48,,,0,default
106,2022-11-30 21:50:42.724814,,,,,,t,response_timeout,2022-11-30 21:52:12.484682,{},CustomTrial,13,7,,{},13,246,492,graph_demo,[0],f,f,f,,,,,t,,,,,{},48,,,0,default
78,2022-11-30 21:44:37.717808,,,,,,t,response_timeout,2022-11-30 21:46:12.526981,{},CustomTrial,15,2,,{},15,173,346,graph_demo,[1],f,f,f,,,,,t,,,,,{},48,,,0,default
107,2022-11-30 21:50:47.734347,,,,,,t,response_timeout,2022-11-30 21:52:12.499543,{},CustomTrial,12,8,,{},12,247,494,graph_demo,[1],f,f,f,,,,,t,,,,,{},48,,,0,default
79,2022-11-30 21:44:42.721027,,,,,,t,response_timeout,2022-11-30 21:46:12.534427,{},CustomTrial,14,9,,{},14,174,348,graph_demo,[1],f,f,f,,,,,t,,,,,{},48,,,0,default
100,2022-11-30 21:50:12.736121,,,,,,t,response_timeout,2022-11-30 21:52:12.507983,{},CustomTrial,16,1,,{},16,240,480,graph_demo,[2],f,f,f,,,,,t,,,,,{},48,,,0,default
80,2022-11-30 21:44:47.719636,,,,,,t,response_timeout,2022-11-30 21:46:12.543295,{},CustomTrial,13,7,,{},13,175,350,graph_demo,[0],f,f,f,,,,,t,,,,,{},48,,,0,default
101,2022-11-30 21:50:17.708956,,,,,,t,response_timeout,2022-11-30 21:52:12.51626,{},CustomTrial,10,6,,{},10,241,482,graph_demo,[0],f,f,f,,,,,t,,,,,{},48,,,0,default
103,2022-11-30 21:50:27.707777,,,,,,t,response_timeout,2022-11-30 21:52:12.523196,{},CustomTrial,14,9,,{},14,243,486,graph_demo,[1],f,f,f,,,,,t,,,,,{},48,,,0,default
118,2022-11-30 21:54:12.748466,,,,,,f,,,{},CustomTrial,17,3,,{},17,288,576,graph_demo,[2],f,f,f,,,,,t,,,,,{},48,,,0,default
99,2022-11-30 21:48:52.808677,,,,,,t,response_timeout,2022-11-30 21:50:12.477383,{},CustomTrial,13,7,,{},13,224,448,graph_demo,[0],f,f,f,,,,,t,,,,,{},48,,,0,default
122,2022-11-30 21:54:32.735762,,,,,,f,,,{},CustomTrial,10,6,,{},10,292,584,graph_demo,[0],f,f,f,,,,,t,,,,,{},48,,,0,default
95,2022-11-30 21:48:32.752346,,,,,,t,response_timeout,2022-11-30 21:50:12.483299,{},CustomTrial,16,1,,{},16,220,440,graph_demo,[2],f,f,f,,,,,t,,,,,{},48,,,0,default
89,2022-11-30 21:46:47.74154,,,,,,t,response_timeout,2022-11-30 21:48:12.485884,{},CustomTrial,17,3,,{},17,199,398,graph_demo,[2],f,f,f,,,,,t,,,,,{},48,,,0,default
83,2022-11-30 21:46:17.720535,,,,,,t,response_timeout,2022-11-30 21:48:12.492657,{},CustomTrial,12,8,,{},12,193,386,graph_demo,[1],f,f,f,,,,,t,,,,,{},48,,,0,default
90,2022-11-30 21:46:52.722821,,,,,,t,response_timeout,2022-11-30 21:48:12.501894,{},CustomTrial,13,7,,{},13,200,400,graph_demo,[0],f,f,f,,,,,t,,,,,{},48,,,0,default
110,2022-11-30 21:52:17.715205,,,,,,t,response_timeout,2022-11-30 21:54:12.471508,{},CustomTrial,15,2,,{},15,265,530,graph_demo,[1],f,f,f,,,,,t,,,,,{},48,,,0,default
123,2022-11-30 21:54:37.738285,,,,,,f,,,{},CustomTrial,13,7,,{},13,293,586,graph_demo,[0],f,f,f,,,,,t,,,,,{},48,,,0,default
84,2022-11-30 21:46:22.733996,,,,,,t,response_timeout,2022-11-30 21:48:12.509677,{},CustomTrial,18,5,,{},18,194,388,graph_demo,[0],f,f,f,,,,,t,,,,,{},48,,,0,default
85,2022-11-30 21:46:27.724734,,,,,,t,response_timeout,2022-11-30 21:48:12.516007,{},CustomTrial,16,1,,{},16,195,390,graph_demo,[2],f,f,f,,,,,t,,,,,{},48,,,0,default
124,2022-11-30 21:54:42.724046,,,,,,f,,,{},CustomTrial,18,5,,{},18,294,588,graph_demo,[0],f,f,f,,,,,t,,,,,{},48,,,0,default
86,2022-11-30 21:46:32.732459,,,,,,t,response_timeout,2022-11-30 21:48:12.524008,{},CustomTrial,15,2,,{},15,196,392,graph_demo,[1],f,f,f,,,,,t,,,,,{},48,,,0,default
96,2022-11-30 21:48:37.771411,,,,,,t,response_timeout,2022-11-30 21:50:12.492095,{},CustomTrial,15,2,,{},15,221,442,graph_demo,[1],f,f,f,,,,,t,,,,,{},48,,,0,default
87,2022-11-30 21:46:37.721921,,,,,,t,response_timeout,2022-11-30 21:48:12.531738,{},CustomTrial,11,4,,{},11,197,394,graph_demo,[2],f,f,f,,,,,t,,,,,{},48,,,0,default
125,2022-11-30 21:54:47.766119,,,,,,f,,,{},CustomTrial,14,9,,{},14,295,590,graph_demo,[1],f,f,f,,,,,t,,,,,{},48,,,0,default
126,2022-11-30 21:54:52.765046,,,,,,f,,,{},CustomTrial,12,8,,{},12,296,592,graph_demo,[1],f,f,f,,,,,t,,,,,{},48,,,0,default
92,2022-11-30 21:48:17.709464,,,,,,t,response_timeout,2022-11-30 21:50:12.497366,{},CustomTrial,10,6,,{},10,217,434,graph_demo,[0],f,f,f,,,,,t,,,,,{},48,,,0,default
97,2022-11-30 21:48:42.740326,,,,,,t,response_timeout,2022-11-30 21:50:12.50325,{},CustomTrial,11,4,,{},11,222,444,graph_demo,[2],f,f,f,,,,,t,,,,,{},48,,,0,default
93,2022-11-30 21:48:22.716782,,,,,,t,response_timeout,2022-11-30 21:50:12.512209,{},CustomTrial,17,3,,{},17,218,436,graph_demo,[2],f,f,f,,,,,t,,,,,{},48,,,0,default
94,2022-11-30 21:48:27.713775,,,,,,t,response_timeout,2022-11-30 21:50:12.520065,{},CustomTrial,14,9,,{},14,219,438,graph_demo,[1],f,f,f,,,,,t,,,,,{},48,,,0,default
98,2022-11-30 21:48:48.011015,,,,,,t,response_timeout,2022-11-30 21:50:12.525874,{},CustomTrial,18,5,,{},18,223,446,graph_demo,[0],f,f,f,,,,,t,,,,,{},48,,,0,default
102,2022-11-30 21:50:22.718111,,,,,,t,response_timeout,2022-11-30 21:52:12.530665,{},CustomTrial,18,5,,{},18,242,484,graph_demo,[0],f,f,f,,,,,t,,,,,{},48,,,0,default
111,2022-11-30 21:52:22.744051,,,,,,t,response_timeout,2022-11-30 21:54:12.479577,{},CustomTrial,12,8,,{},12,266,532,graph_demo,[1],f,f,f,,,,,t,,,,,{},48,,,0,default
112,2022-11-30 21:52:27.722907,,,,,,t,response_timeout,2022-11-30 21:54:12.485428,{},CustomTrial,17,3,,{},17,267,534,graph_demo,[2],f,f,f,,,,,t,,,,,{},48,,,0,default
113,2022-11-30 21:52:32.725923,,,,,,t,response_timeout,2022-11-30 21:54:12.490119,{},CustomTrial,18,5,,{},18,268,536,graph_demo,[0],f,f,f,,,,,t,,,,,{},48,,,0,default
114,2022-11-30 21:52:37.722733,,,,,,t,response_timeout,2022-11-30 21:54:12.498535,{},CustomTrial,10,6,,{},10,269,538,graph_demo,[0],f,f,f,,,,,t,,,,,{},48,,,0,default
116,2022-11-30 21:52:47.719264,,,,,,t,response_timeout,2022-11-30 21:54:12.505873,{},CustomTrial,14,9,,{},14,271,542,graph_demo,[1],f,f,f,,,,,t,,,,,{},48,,,0,default
117,2022-11-30 21:52:52.726805,,,,,,t,response_timeout,2022-11-30 21:54:12.514084,{},CustomTrial,11,4,,{},11,272,544,graph_demo,[2],f,f,f,,,,,t,,,,,{},48,,,0,default
109,2022-11-30 21:52:12.754341,,,,,,t,response_timeout,2022-11-30 21:54:12.523226,{},CustomTrial,13,7,,{},13,264,528,graph_demo,[0],f,f,f,,,,,t,,,,,{},48,,,0,default
115,2022-11-30 21:52:42.719266,,,,,,t,response_timeout,2022-11-30 21:54:12.529109,{},CustomTrial,16,1,,{},16,270,540,graph_demo,[2],f,f,f,,,,,t,,,,,{},48,,,0,default
119,2022-11-30 21:54:17.722111,,,,,,f,,,{},CustomTrial,11,4,,{},11,289,578,graph_demo,[2],f,f,f,,,,,t,,,,,{},48,,,0,default
120,2022-11-30 21:54:22.724567,,,,,,f,,,{},CustomTrial,15,2,,{},15,290,580,graph_demo,[1],f,f,f,,,,,t,,,,,{},48,,,0,default
121,2022-11-30 21:54:27.729655,,,,,,f,,,{},CustomTrial,16,1,,{},16,291,582,graph_demo,[2],f,f,f,,,,,t,,,,,{},48,,,0,default
