id,creation_time,property1,property2,property3,property4,property5,failed,failed_reason,time_of_death,details,type,max_size,full,role,vars,trial_maker_id,module_id,target_n_trials,participant_group,participant_id,id_within_participant,chain_type,head_id,trials_per_node,definition,block,vertex_id,dependent_vertex_ids,source_seed
6,2022-11-30 21:30:01.34691,,,,,,f,,,{},GraphChainNetwork,5,f,default,{},graph_demo,graph_demo,5,default,,,across,10,1,{},default,5,"[4, 2, 8]","[{""vertex_id"": 5, ""content"": [0, 0, 2, 0, 2, 0, 0, 0, 1], ""is_center"": true}, {""vertex_id"": 4, ""content"": [0, 1, 0, 2, 1, 1, 0, 0, 2], ""is_center"": false}, {""vertex_id"": 2, ""content"": [0, 1, 1, 0, 1, 2, 0, 2, 0], ""is_center"": false}, {""vertex_id"": 8, ""content"": [1, 0, 0, 2, 0, 0, 2, 2, 2], ""is_center"": false}]"
4,2022-11-30 21:30:01.305127,,,,,,f,,,{},GraphChainNetwork,5,f,default,{},graph_demo,graph_demo,5,default,,,across,11,1,{},default,3,"[0, 4, 6]","[{""vertex_id"": 3, ""content"": [0, 1, 0, 1, 0, 2, 2, 0, 2], ""is_center"": true}, {""vertex_id"": 0, ""content"": [2, 1, 2, 0, 2, 2, 1, 0, 0], ""is_center"": false}, {""vertex_id"": 4, ""content"": [0, 1, 0, 2, 1, 1, 0, 0, 2], ""is_center"": false}, {""vertex_id"": 6, ""content"": [2, 2, 0, 1, 2, 0, 0, 1, 2], ""is_center"": false}]"
8,2022-11-30 21:30:01.385468,,,,,,f,,,{},GraphChainNetwork,5,f,default,{},graph_demo,graph_demo,5,default,,,across,12,1,{},default,7,"[6, 4, 8]","[{""vertex_id"": 7, ""content"": [1, 1, 1, 2, 1, 0, 0, 2, 2], ""is_center"": true}, {""vertex_id"": 6, ""content"": [2, 2, 0, 1, 2, 0, 0, 1, 2], ""is_center"": false}, {""vertex_id"": 4, ""content"": [0, 1, 0, 2, 1, 1, 0, 0, 2], ""is_center"": false}, {""vertex_id"": 8, ""content"": [1, 0, 0, 2, 0, 0, 2, 2, 2], ""is_center"": false}]"
7,2022-11-30 21:30:01.366576,,,,,,f,,,{},GraphChainNetwork,5,f,default,{},graph_demo,graph_demo,5,default,,,across,13,1,{},default,6,"[3, 7]","[{""vertex_id"": 6, ""content"": [2, 2, 0, 1, 2, 0, 0, 1, 2], ""is_center"": true}, {""vertex_id"": 3, ""content"": [0, 1, 0, 1, 0, 2, 2, 0, 2], ""is_center"": false}, {""vertex_id"": 7, ""content"": [1, 1, 1, 2, 1, 0, 0, 2, 2], ""is_center"": false}]"
9,2022-11-30 21:30:01.405623,,,,,,f,,,{},GraphChainNetwork,5,f,default,{},graph_demo,graph_demo,5,default,,,across,14,1,{},default,8,"[7, 5]","[{""vertex_id"": 8, ""content"": [1, 0, 0, 2, 0, 0, 2, 2, 2], ""is_center"": true}, {""vertex_id"": 7, ""content"": [1, 1, 1, 2, 1, 0, 0, 2, 2], ""is_center"": false}, {""vertex_id"": 5, ""content"": [0, 0, 2, 0, 2, 0, 0, 0, 1], ""is_center"": false}]"
2,2022-11-30 21:30:01.25598,,,,,,f,,,{},GraphChainNetwork,5,f,default,{},graph_demo,graph_demo,5,default,,,across,15,1,{},default,1,"[0, 2, 4]","[{""vertex_id"": 1, ""content"": [0, 2, 1, 0, 2, 2, 0, 1, 2], ""is_center"": true}, {""vertex_id"": 0, ""content"": [2, 1, 2, 0, 2, 2, 1, 0, 0], ""is_center"": false}, {""vertex_id"": 2, ""content"": [0, 1, 1, 0, 1, 2, 0, 2, 0], ""is_center"": false}, {""vertex_id"": 4, ""content"": [0, 1, 0, 2, 1, 1, 0, 0, 2], ""is_center"": false}]"
1,2022-11-30 21:30:01.206656,,,,,,f,,,{},GraphChainNetwork,5,f,default,{},graph_demo,graph_demo,5,default,,,across,16,1,{},default,0,"[1, 3]","[{""vertex_id"": 0, ""content"": [2, 1, 2, 0, 2, 2, 1, 0, 0], ""is_center"": true}, {""vertex_id"": 1, ""content"": [0, 2, 1, 0, 2, 2, 0, 1, 2], ""is_center"": false}, {""vertex_id"": 3, ""content"": [0, 1, 0, 1, 0, 2, 2, 0, 2], ""is_center"": false}]"
3,2022-11-30 21:30:01.281685,,,,,,f,,,{},GraphChainNetwork,5,f,default,{},graph_demo,graph_demo,5,default,,,across,17,1,{},default,2,"[1, 5]","[{""vertex_id"": 2, ""content"": [0, 1, 1, 0, 1, 2, 0, 2, 0], ""is_center"": true}, {""vertex_id"": 1, ""content"": [0, 2, 1, 0, 2, 2, 0, 1, 2], ""is_center"": false}, {""vertex_id"": 5, ""content"": [0, 0, 2, 0, 2, 0, 0, 0, 1], ""is_center"": false}]"
5,2022-11-30 21:30:01.327281,,,,,,f,,,{},GraphChainNetwork,5,f,default,{},graph_demo,graph_demo,5,default,,,across,18,1,{},default,4,"[3, 1, 5, 7]","[{""vertex_id"": 4, ""content"": [0, 1, 0, 2, 1, 1, 0, 0, 2], ""is_center"": true}, {""vertex_id"": 3, ""content"": [0, 1, 0, 1, 0, 2, 2, 0, 2], ""is_center"": false}, {""vertex_id"": 1, ""content"": [0, 2, 1, 0, 2, 2, 0, 1, 2], ""is_center"": false}, {""vertex_id"": 5, ""content"": [0, 0, 2, 0, 2, 0, 0, 0, 1], ""is_center"": false}, {""vertex_id"": 7, ""content"": [1, 1, 1, 2, 1, 0, 0, 2, 2], ""is_center"": false}]"
