id,creation_time,property1,property2,property3,property4,property5,failed,failed_reason,time_of_death,details,type,network_id,participant_id,vars,trial_maker_id,module_id,_on_create_called,_on_deploy_called,ready_for_trials,key,degree,child_id,parent_id,seed,definition,context,participant_group,block,propagate_failure,vertex_id,dependent_vertex_ids
2,2022-11-30 21:30:01.266861,,,,,,f,,,{},CustomNode,2,,{},graph_demo,graph_demo,t,f,t,,0,15,,"[{""vertex_id"": 1, ""content"": [0, 2, 1, 0, 2, 2, 0, 1, 2], ""is_center"": true}, {""vertex_id"": 0, ""content"": [2, 1, 2, 0, 2, 2, 1, 0, 0], ""is_center"": false}, {""vertex_id"": 2, ""content"": [0, 1, 1, 0, 1, 2, 0, 2, 0], ""is_center"": false}, {""vertex_id"": 4, ""content"": [0, 1, 0, 2, 1, 1, 0, 0, 2], ""is_center"": false}]","[{""vertex_id"": 1, ""content"": [0, 2, 1, 0, 2, 2, 0, 1, 2], ""is_center"": true}, {""vertex_id"": 0, ""content"": [2, 1, 2, 0, 2, 2, 1, 0, 0], ""is_center"": false}, {""vertex_id"": 2, ""content"": [0, 1, 1, 0, 1, 2, 0, 2, 0], ""is_center"": false}, {""vertex_id"": 4, ""content"": [0, 1, 0, 2, 1, 1, 0, 0, 2], ""is_center"": false}]",,default,default,t,1,"[0, 2, 4]"
1,2022-11-30 21:30:01.23057,,,,,,f,,,{},CustomNode,1,,{},graph_demo,graph_demo,t,f,t,,0,16,,"[{""vertex_id"": 0, ""content"": [2, 1, 2, 0, 2, 2, 1, 0, 0], ""is_center"": true}, {""vertex_id"": 1, ""content"": [0, 2, 1, 0, 2, 2, 0, 1, 2], ""is_center"": false}, {""vertex_id"": 3, ""content"": [0, 1, 0, 1, 0, 2, 2, 0, 2], ""is_center"": false}]","[{""vertex_id"": 0, ""content"": [2, 1, 2, 0, 2, 2, 1, 0, 0], ""is_center"": true}, {""vertex_id"": 1, ""content"": [0, 2, 1, 0, 2, 2, 0, 1, 2], ""is_center"": false}, {""vertex_id"": 3, ""content"": [0, 1, 0, 1, 0, 2, 2, 0, 2], ""is_center"": false}]",,default,default,t,0,"[1, 3]"
6,2022-11-30 21:30:01.353635,,,,,,f,,,{},CustomNode,6,,{},graph_demo,graph_demo,t,f,t,,0,10,,"[{""vertex_id"": 5, ""content"": [0, 0, 2, 0, 2, 0, 0, 0, 1], ""is_center"": true}, {""vertex_id"": 4, ""content"": [0, 1, 0, 2, 1, 1, 0, 0, 2], ""is_center"": false}, {""vertex_id"": 2, ""content"": [0, 1, 1, 0, 1, 2, 0, 2, 0], ""is_center"": false}, {""vertex_id"": 8, ""content"": [1, 0, 0, 2, 0, 0, 2, 2, 2], ""is_center"": false}]","[{""vertex_id"": 5, ""content"": [0, 0, 2, 0, 2, 0, 0, 0, 1], ""is_center"": true}, {""vertex_id"": 4, ""content"": [0, 1, 0, 2, 1, 1, 0, 0, 2], ""is_center"": false}, {""vertex_id"": 2, ""content"": [0, 1, 1, 0, 1, 2, 0, 2, 0], ""is_center"": false}, {""vertex_id"": 8, ""content"": [1, 0, 0, 2, 0, 0, 2, 2, 2], ""is_center"": false}]",,default,default,t,5,"[4, 2, 8]"
10,2022-11-30 21:30:20.014992,,,,,,f,,,{},CustomNode,6,,{},graph_demo,graph_demo,t,t,t,,1,,6,[0],[0],,default,default,t,5,"[4, 2, 8]"
4,2022-11-30 21:30:01.313436,,,,,,f,,,{},CustomNode,4,,{},graph_demo,graph_demo,t,f,t,,0,11,,"[{""vertex_id"": 3, ""content"": [0, 1, 0, 1, 0, 2, 2, 0, 2], ""is_center"": true}, {""vertex_id"": 0, ""content"": [2, 1, 2, 0, 2, 2, 1, 0, 0], ""is_center"": false}, {""vertex_id"": 4, ""content"": [0, 1, 0, 2, 1, 1, 0, 0, 2], ""is_center"": false}, {""vertex_id"": 6, ""content"": [2, 2, 0, 1, 2, 0, 0, 1, 2], ""is_center"": false}]","[{""vertex_id"": 3, ""content"": [0, 1, 0, 1, 0, 2, 2, 0, 2], ""is_center"": true}, {""vertex_id"": 0, ""content"": [2, 1, 2, 0, 2, 2, 1, 0, 0], ""is_center"": false}, {""vertex_id"": 4, ""content"": [0, 1, 0, 2, 1, 1, 0, 0, 2], ""is_center"": false}, {""vertex_id"": 6, ""content"": [2, 2, 0, 1, 2, 0, 0, 1, 2], ""is_center"": false}]",,default,default,t,3,"[0, 4, 6]"
11,2022-11-30 21:30:20.956141,,,,,,f,,,{},CustomNode,4,,{},graph_demo,graph_demo,t,t,t,,1,,4,[2],[2],,default,default,t,3,"[0, 4, 6]"
8,2022-11-30 21:30:01.392604,,,,,,f,,,{},CustomNode,8,,{},graph_demo,graph_demo,t,f,t,,0,12,,"[{""vertex_id"": 7, ""content"": [1, 1, 1, 2, 1, 0, 0, 2, 2], ""is_center"": true}, {""vertex_id"": 6, ""content"": [2, 2, 0, 1, 2, 0, 0, 1, 2], ""is_center"": false}, {""vertex_id"": 4, ""content"": [0, 1, 0, 2, 1, 1, 0, 0, 2], ""is_center"": false}, {""vertex_id"": 8, ""content"": [1, 0, 0, 2, 0, 0, 2, 2, 2], ""is_center"": false}]","[{""vertex_id"": 7, ""content"": [1, 1, 1, 2, 1, 0, 0, 2, 2], ""is_center"": true}, {""vertex_id"": 6, ""content"": [2, 2, 0, 1, 2, 0, 0, 1, 2], ""is_center"": false}, {""vertex_id"": 4, ""content"": [0, 1, 0, 2, 1, 1, 0, 0, 2], ""is_center"": false}, {""vertex_id"": 8, ""content"": [1, 0, 0, 2, 0, 0, 2, 2, 2], ""is_center"": false}]",,default,default,t,7,"[6, 4, 8]"
12,2022-11-30 21:30:21.292037,,,,,,f,,,{},CustomNode,8,,{},graph_demo,graph_demo,t,t,t,,1,,8,[1],[1],,default,default,t,7,"[6, 4, 8]"
7,2022-11-30 21:30:01.373214,,,,,,f,,,{},CustomNode,7,,{},graph_demo,graph_demo,t,f,t,,0,13,,"[{""vertex_id"": 6, ""content"": [2, 2, 0, 1, 2, 0, 0, 1, 2], ""is_center"": true}, {""vertex_id"": 3, ""content"": [0, 1, 0, 1, 0, 2, 2, 0, 2], ""is_center"": false}, {""vertex_id"": 7, ""content"": [1, 1, 1, 2, 1, 0, 0, 2, 2], ""is_center"": false}]","[{""vertex_id"": 6, ""content"": [2, 2, 0, 1, 2, 0, 0, 1, 2], ""is_center"": true}, {""vertex_id"": 3, ""content"": [0, 1, 0, 1, 0, 2, 2, 0, 2], ""is_center"": false}, {""vertex_id"": 7, ""content"": [1, 1, 1, 2, 1, 0, 0, 2, 2], ""is_center"": false}]",,default,default,t,6,"[3, 7]"
13,2022-11-30 21:30:21.396338,,,,,,f,,,{},CustomNode,7,,{},graph_demo,graph_demo,t,t,t,,1,,7,[0],[0],,default,default,t,6,"[3, 7]"
9,2022-11-30 21:30:01.412729,,,,,,f,,,{},CustomNode,9,,{},graph_demo,graph_demo,t,f,t,,0,14,,"[{""vertex_id"": 8, ""content"": [1, 0, 0, 2, 0, 0, 2, 2, 2], ""is_center"": true}, {""vertex_id"": 7, ""content"": [1, 1, 1, 2, 1, 0, 0, 2, 2], ""is_center"": false}, {""vertex_id"": 5, ""content"": [0, 0, 2, 0, 2, 0, 0, 0, 1], ""is_center"": false}]","[{""vertex_id"": 8, ""content"": [1, 0, 0, 2, 0, 0, 2, 2, 2], ""is_center"": true}, {""vertex_id"": 7, ""content"": [1, 1, 1, 2, 1, 0, 0, 2, 2], ""is_center"": false}, {""vertex_id"": 5, ""content"": [0, 0, 2, 0, 2, 0, 0, 0, 1], ""is_center"": false}]",,default,default,t,8,"[7, 5]"
14,2022-11-30 21:30:21.44803,,,,,,f,,,{},CustomNode,9,,{},graph_demo,graph_demo,t,t,t,,1,,9,[1],[1],,default,default,t,8,"[7, 5]"
15,2022-11-30 21:30:21.841586,,,,,,f,,,{},CustomNode,2,,{},graph_demo,graph_demo,t,t,t,,1,,2,[1],[1],,default,default,t,1,"[0, 2, 4]"
16,2022-11-30 21:30:21.910706,,,,,,f,,,{},CustomNode,1,,{},graph_demo,graph_demo,t,t,t,,1,,1,[2],[2],,default,default,t,0,"[1, 3]"
3,2022-11-30 21:30:01.289579,,,,,,f,,,{},CustomNode,3,,{},graph_demo,graph_demo,t,f,t,,0,17,,"[{""vertex_id"": 2, ""content"": [0, 1, 1, 0, 1, 2, 0, 2, 0], ""is_center"": true}, {""vertex_id"": 1, ""content"": [0, 2, 1, 0, 2, 2, 0, 1, 2], ""is_center"": false}, {""vertex_id"": 5, ""content"": [0, 0, 2, 0, 2, 0, 0, 0, 1], ""is_center"": false}]","[{""vertex_id"": 2, ""content"": [0, 1, 1, 0, 1, 2, 0, 2, 0], ""is_center"": true}, {""vertex_id"": 1, ""content"": [0, 2, 1, 0, 2, 2, 0, 1, 2], ""is_center"": false}, {""vertex_id"": 5, ""content"": [0, 0, 2, 0, 2, 0, 0, 0, 1], ""is_center"": false}]",,default,default,t,2,"[1, 5]"
17,2022-11-30 21:30:21.966025,,,,,,f,,,{},CustomNode,3,,{},graph_demo,graph_demo,t,t,t,,1,,3,[2],[2],,default,default,t,2,"[1, 5]"
5,2022-11-30 21:30:01.333972,,,,,,f,,,{},CustomNode,5,,{},graph_demo,graph_demo,t,f,t,,0,18,,"[{""vertex_id"": 4, ""content"": [0, 1, 0, 2, 1, 1, 0, 0, 2], ""is_center"": true}, {""vertex_id"": 3, ""content"": [0, 1, 0, 1, 0, 2, 2, 0, 2], ""is_center"": false}, {""vertex_id"": 1, ""content"": [0, 2, 1, 0, 2, 2, 0, 1, 2], ""is_center"": false}, {""vertex_id"": 5, ""content"": [0, 0, 2, 0, 2, 0, 0, 0, 1], ""is_center"": false}, {""vertex_id"": 7, ""content"": [1, 1, 1, 2, 1, 0, 0, 2, 2], ""is_center"": false}]","[{""vertex_id"": 4, ""content"": [0, 1, 0, 2, 1, 1, 0, 0, 2], ""is_center"": true}, {""vertex_id"": 3, ""content"": [0, 1, 0, 1, 0, 2, 2, 0, 2], ""is_center"": false}, {""vertex_id"": 1, ""content"": [0, 2, 1, 0, 2, 2, 0, 1, 2], ""is_center"": false}, {""vertex_id"": 5, ""content"": [0, 0, 2, 0, 2, 0, 0, 0, 1], ""is_center"": false}, {""vertex_id"": 7, ""content"": [1, 1, 1, 2, 1, 0, 0, 2, 2], ""is_center"": false}]",,default,default,t,4,"[3, 1, 5, 7]"
18,2022-11-30 21:30:22.02064,,,,,,f,,,{},CustomNode,5,,{},graph_demo,graph_demo,t,t,t,,1,,5,[0],[0],,default,default,t,4,"[3, 1, 5, 7]"
