id,creation_time,property1,property2,property3,property4,property5,failed,failed_reason,time_of_death,details,type,origin_id,destination_id,network_id,vars
1,2022-11-30 21:30:20.020123,,,,,,f,,,{},ChainVector,6,10,6,{}
2,2022-11-30 21:30:20.959895,,,,,,f,,,{},ChainVector,4,11,4,{}
3,2022-11-30 21:30:21.294326,,,,,,f,,,{},ChainVector,8,12,8,{}
4,2022-11-30 21:30:21.398981,,,,,,f,,,{},ChainVector,7,13,7,{}
5,2022-11-30 21:30:21.450323,,,,,,f,,,{},ChainVector,9,14,9,{}
6,2022-11-30 21:30:21.844227,,,,,,f,,,{},ChainVector,2,15,2,{}
7,2022-11-30 21:30:21.913219,,,,,,f,,,{},ChainVector,1,16,1,{}
8,2022-11-30 21:30:21.968816,,,,,,f,,,{},ChainVector,3,17,3,{}
9,2022-11-30 21:30:22.022984,,,,,,f,,,{},ChainVector,5,18,5,{}
